<?xml version="1.0" encoding="UTF-8" standalone="yes"?>
<addon id="repository.repo-gtkingbuild" name="GT-KINGBUILD[COLOR lime]Repo[/COLOR]" version="1.0" provider-name="beelinkgtking2">
    <extension point="xbmc.addon.repository" name="GTKING repo">
        <info>https://raw.githubusercontent.com/beelinkgtking2/Repo-GTKingBuild/master/auramod-gtkingbuild_0.0.1/addons.xml</info>
        <checksum>https://raw.githubusercontent.com/beelinkgtking2/Repo-GTKingBuild/master/auramod-gtkingbuild_0.0.1/addons.xml.md5</checksum>
        <datadir zip="true">https://raw.githubusercontent.com/beelinkgtking2/Repo-GTKingBuild/master/auramod-gtkingbuild_0.0.1/</datadir>
    </extension>
    <extension point="xbmc.addon.metadata">
        <summary>GT-KINGBUILD repo</summary>
        <description lang="es">Repositorio de addons GT-KINGBUILD</description>
        <disclaimer></disclaimer>
        <platform>all</platform>
    </extension>
</addon>
