<?xml version="1.0" encoding="UTF-8" standalone="yes"?>
<addon id="repository.repogtking" name="[B][COLOR ff1e90ff]GTKING[/COLOR] [COLOR gold]Repo[/COLOR][/B]" version="1.3" provider-name="[COLOR green]beelinkgtking2[/COLOR]">
       <extension point="xbmc.addon.repository" name="GTKING Repo">
              <info>https://raw.githubusercontent.com/beelinkgtking2/Repo-GTking/master/repositorios/addons.xml</info>
              <checksum>https://raw.githubusercontent.com/beelinkgtking2/Repo-GTking/master/repositorios/addons.xml.md5</checksum>
              <datadir zip="true">https://raw.githubusercontent.com/beelinkgtking2/Repo-GTking/master/repositorios/</datadir>
       </extension>
       <extension point="xbmc.addon.metadata">
              <summary>[COLOR ff1e90ff]GTKING[/COLOR] [COLOR gold]Repo[/COLOR]</summary>
              <description lang="es">Repositorio de addons [COLOR ff1e90ff]GTKING[/COLOR]</description>
              <disclaimer></disclaimer>
              <platform>all</platform>
       </extension>
</addon>
