<?xml version='1.0' encoding='UTF-8'?>
<shortcuts>
	<shortcut>
		<defaultID />
		<label>SPAIN TV</label>
		<label2>Complemento de Vídeo</label2>
		<icon>DefaultShortcut.png</icon>
		<thumb>special://skin/extras/icons/episode.png</thumb>
		<action>ActivateWindow(Videos,"plugin://plugin.video.IberiKa/?url=https%3A%2F%2Fpastebin.com%2Fraw%2Fty1j34PT&amp;mode=1&amp;name=%5BCOLOR+white%5D%5BB%5DMovistar+%2B%5B%2FCOLOR%5D%5B%2FB%5D&amp;fanart=https%3A%2F%2Fgithub.com%2Fiberikakodi%2FIberika%2Fblob%2Fmaster%2Fimagenes%2Fmenu%2FTv%2520esp%2520estable%25201.jpg%3Fraw%3Dtrue",return)</action>
	</shortcut>
	<shortcut>
		<defaultID />
		<label>SPAIN TV 2</label>
		<label2>Complemento de Vídeo</label2>
		<icon>DefaultShortcut.png</icon>
		<thumb>special://skin/extras/icons/antenna-on.png</thumb>
		<action>ActivateWindow(Videos,"plugin://plugin.video.IberiKa/?url=https%3A%2F%2Fpastebin.com%2Fraw%2FYBpPZSdD&amp;mode=1&amp;name=%5BCOLOR+white%5D%5BB%5DDigital+%2B%5B%2FCOLOR%5D%5B%2FB%5D&amp;fanart=https%3A%2F%2Fgithub.com%2Fiberikakodi%2FIberika%2Fblob%2Fmaster%2Fimagenes%2Fmenu%2FTv%2520esp%2520estable%25201.jpg%3Fraw%3Dtrue",return)</action>
	</shortcut>
	<shortcut>
		<defaultID />
		<label>LISTA MAGELLAN</label>
		<label2>Complemento de Vídeo</label2>
		<icon>DefaultShortcut.png</icon>
		<thumb>special://skin/extras/icons/tv.png</thumb>
		<action>ActivateWindow(Videos,"plugin://plugin.video.live.magellan/?url=https%3A%2F%2Fpastebin.com%2Fraw%2FSa2NpprC&amp;mode=1&amp;name=%5BCOLOR+lime%5D+%3E+%5BCOLOR+yellow%5DEspanha%2FLatinos+%5B%2FCOLOR%5D&amp;fanart=http%3A%2F%2Fi.imgur.com%2FbcpZZ1S.png",return)</action>
	</shortcut>
	<shortcut>
		<defaultID />
		<label>CHIKIRY TV</label>
		<label2>Complemento de Vídeo</label2>
		<icon>DefaultShortcut.png</icon>
		<thumb>special://skin/extras/openmeta/airing.png</thumb>
		<action>ActivateWindow(Videos,"plugin://plugin.video.cristalazul/?url=http%3A%2F%2Fkodileia.x10host.com%2Fphp%2Fchikirycristaltvpremium.php%24doregex%5Bfinal-feIiz%5D&amp;mode=1&amp;name=%5BCOLOR+orangered%5D%2B+%5BCOLOR+white%5DTV+PREMIUM%5B%2FCOLOR%5D&amp;fanart=https%3A%2F%2Fi.imgur.com%2FyNfc6m7.jpg&amp;regexs=%7Bu%27final-feliz%27%3A%20%7B%27expres%27%3A%20u%22%23%24pyFunction%5Cndef%20GetLSProData%28page_data%2CCookie_Jar%2Cm%29%3A%5Cn%20%20import%20re%5Cn%20%20s%20%3D%20%27%5Bc.param7%5D%27%5Cn%20%20def%20enc%28s%29%3A%5Cn%20%20%20%20d%3D%27%27%5Cn%20%20%20%20s%3Ds.split%28%27%20%27%29%5Cn%20%20%20%20for%20strchar%20in%20s%3A%5Cn%20%20%20%20%20%20%20%20d%20%2B%3D%20chr%28int%28strchar%29-4%29%5Cn%20%20%20%20return%20d%5Cn%20%20esto%20%3D%20enc%28s%29%5Cn%20%20return%20esto%5Cn%22%2C%20%27name%27%3A%20u%27final-feliz%27%2C%20%27page%27%3A%20None%7D%2C%20u%27final-feIiz%27%3A%20%7B%27expres%27%3A%20u%22%23%24pyFunction%5Cndef%20GetLSProData%28page_data%2CCookie_Jar%2Cm%29%3A%5Cn%20%20import%20re%5Cn%20%20s%20%3D%20%27%24doregex%5Bfinal-feJiz%5D%27%5Cn%20%20def%20enc%28s%29%3A%5Cn%20%20%20%20d%3D%27%27%5Cn%20%20%20%20s%3Ds.split%28%27%20%27%29%5Cn%20%20%20%20for%20strchar%20in%20s%3A%5Cn%20%20%20%20%20%20%20%20d%20%2B%3D%20chr%28int%28strchar%29%2B6%29%5Cn%20%20%20%20return%20d%5Cn%20%20esto%20%3D%20enc%28s%29%5Cn%20%20return%20esto%5Cn%22%2C%20%27name%27%3A%20u%27final-feIiz%27%2C%20%27page%27%3A%20None%7D%2C%20u%27final-feJiz%27%3A%20%7B%27expres%27%3A%20u%22%23%24pyFunction%5Cndef%20GetLSProData%28page_data%2CCookie_Jar%2Cm%29%3A%5Cn%20%20%20%20import%20re%2Crequests%2Cos%2Cxbmc%5Cn%20%20%20%20return%20requests.get%28%27https%3A//pastebin.com/raw/pYfAJ6qu%27%2C%20headers%3D%7B%27User-Agent%27%3A%20%27Mozilla/5.0%20%28Windows%20NT%206.3%3B%20WOW64%3B%20rv%3A55.0%29%20Gecko/20100101%20Firefox/55.0%27%2C%20%27Referer%27%3A%20%27https%3A//pastebin.com%27%7D%2C%20verify%3DFalse%29.text%5Cn%22%2C%20%27name%27%3A%20u%27final-feJiz%27%2C%20%27page%27%3A%20None%7D%2C%20u%27final_feliz%27%3A%20%7B%27expres%27%3A%20u%22%23%24pyFunction%5Cndef%20GetLSProData%28page_data%2CCookie_Jar%2Cm%29%3A%5Cn%20%20import%20re%5Cn%20%20s%20%3D%20%27%5Bc.param7%5D%27%5Cn%20%20def%20enc%28s%29%3A%5Cn%20%20%20%20d%3D%27%27%5Cn%20%20%20%20s%3Ds.split%28%27%20%27%29%5Cn%20%20%20%20for%20strchar%20in%20s%3A%5Cn%20%20%20%20%20%20%20%20d%20%2B%3D%20chr%28int%28strchar%29-0%29%5Cn%20%20%20%20return%20d%5Cn%20%20esto%20%3D%20enc%28s%29%5Cn%20%20return%20esto%5Cn%22%2C%20%27name%27%3A%20u%27final_feliz%27%2C%20%27page%27%3A%20None%7D%7D",return)</action>
	</shortcut>
	<shortcut>
		<defaultID />
		<label>CRISTAL PRO TV</label>
		<label2>Complemento de Vídeo</label2>
		<icon>DefaultShortcut.png</icon>
		<thumb>special://skin/extras/icons/tv.png</thumb>
		<action>ActivateWindow(Videos,"plugin://plugin.video.cristalazul/?url=plugin%3A%2F%2Fplugin.video.cristalazul%2F%3Ficonimage%3Dhttps%253a%252f%252fi.imgur.com%252fyGTsSPk.jpg%26mode%3D17%26regexs%3D%257bu%2527vergol%2527%253a%2520%257b%2527expres%2527%253a%2520u%2527%2523%2524pyFunction%255cr%255cnimport%2520re%252crequests%255cr%255cndef%2520GetLSProData%28page_data%252cCookie_Jar%252cm%29%253a%2523CpRdIsSaTvAmL%255cr%255cn%2520s%253drequests.get%28%255c%2527%255bmakelist2.param3%255d%255c%2527%252cheaders%253d%257b%255c%2527user-agent%255c%2527%253a%255c%2527Dalvik%252f2.1.0%2520%28Linux%253b%2520U%253b%2520Android%25205.1.1%253b%2520AFTS%2520Build%252fLVY48F%29%255c%2527%252c%255c%2527referer%255c%2527%253a%255c%2527https%253a%252f%252fverliga1.net%252ftv%252fnacionales%252fplus1.php%255c%2527%257d%29%253btok%253dre.findall%28%255c%2527%253ch2%253e.%252b%253fred.%252b%253f%28%255c%255cd%252b%29%255c%2527%252cs.text%29%255b0%255d%255cr%255cn%2520return%2520%255c%2527https%253a%255c%2527%252bre.findall%28%255c%2527Clappr.Player%255b%255c%255cw%255c%255cW%255d%252a%253fsource.%252b%253f%255b%255c%255c%255c%2527%2522%255d%28%255b%255e%255c%255c%255c%2527%2522%255d%252b%29%255c%2527%252crequests.post%28%255c%2527%255bmakelist2.param3%255d%255c%2527%252cheaders%253d%257b%255c%2527referer%255c%2527%253a%255c%2527%255bmakelist2.param3%255d%255c%2527%252c%255c%2527user-agent%255c%2527%253a%255c%2527Dalvik%252f2.1.0%2520%28Linux%253b%2520U%253b%2520Android%25205.1.1%253b%2520AFTS%2520Build%252fLVY48F%29%255c%2527%257d%252ccookies%253ds.cookies%252cdata%253d%257b%255c%2527%2524doregex%255bpass%255d%255c%2527%253atok%257d%29.content.decode%28%255c%2527ascii%255c%2527%252c%255c%2527ignore%255c%2527%29%29%255b0%255d%252b%255c%2527%257cuser-agent%253dMozilla%252f5.0%2526referer%253d%255bmakelist2.param3%255d%255c%2527%255cr%255cn%2527%252c%2520%2527name%2527%253a%2520u%2527vergol%2527%252c%2520%2527page%2527%253a%2520None%257d%252c%2520u%2527goltv%2527%253a%2520%257b%2527expres%2527%253a%2520u%2527manifest%2522%253a%2522%28%255b%255e%2522%255d%252b%29%2527%252c%2520%2527name%2527%253a%2520u%2527goltv%2527%252c%2520%2527page%2527%253a%2520u%2527%255bmakelist2.param3%255d%2527%257d%252c%2520u%2527makelist2%2527%253a%2520%257b%2527listrepeat%2527%253a%2520u%2527%255cr%255cn%253ctitle%253e%255bCOLOR%2520lightskyblue%255d%2524doregex%255bcoloreando%255d%255bCAPITALIZE%255d%255bmakelist2.param1%255d%255b%252fCAPITALIZE%255d%2520-%2520%255bCOLOR%2520white%255d%2524doregex%255bemitiendo%255d%255b%252fCOLOR%255d%253c%252ftitle%253e%255cr%255cn%253cinputstream%253e%2524doregex%255blink_inteligente%255d%253c%252finputstream%253e%255cr%255cn%253cthumbnail%253e%255bmakelist2.param2%255d%253c%252fthumbnail%253e%255cr%255cn%253cfanart%253ehttp%253a%252f%252fwww.arturogoga.com%252fwp-content%252fuploads%252f2009%252f12%252fimage4.png%253c%252ffanart%253e%255cr%255cn%2527%252c%2520%2527expres%2527%253a%2520u%2527%28%253fs%29%2522name%2522%253a%2520%2522%28.%252a%253f%29%2522.%252a%253f%2522image%2522%253a%2520%2522%28.%252a%253f%29%2522.%252a%253f%2522url%2522%253a%2520%2522%28.%252a%253f%29%2522.%252a%253f%2522embed%2522%253a%2520%2522%28.%252a%253f%29%255c%2527%2527%252c%2520%2527name%2527%253a%2520u%2527makelist2%2527%252c%2520%2527page%2527%253a%2520u%2527https%253a%252f%252fpastebin.com%252fraw%252fB0RGkkun%2527%257d%252c%2520u%2527colores%2527%253a%2520%257b%2527expres%2527%253a%2520u%2522%2523%2524pyFunction%255cr%255cndef%2520GetLSProData%28page_data%252cCookie_Jar%252cm%29%253a%255cr%255cn%2520import%2520xbmc%252c%2520xbmcaddon%255cr%255cn%2520addon%2520%253d%2520xbmcaddon.Addon%28%2527plugin.video.cristalazul%2527%29%255cr%255cn%2520return%2520addon.getSetting%28%2527ColoreandoPrincipal%2527%29%255cr%255cn%2522%252c%2520%2527name%2527%253a%2520u%2527colores%2527%252c%2520%2527page%2527%253a%2520None%257d%252c%2520u%2527emitiendo%2527%253a%2520%257b%2527expres%2527%253a%2520u%2527%28%253fs%29%255bmakelist2.param4%255d.%252a%253fahora%2522%253e%255c%255cn%255c%255cs%255c%255cs%255c%255cs%28.%252a%253f%29%255c%255cn%2527%252c%2520%2527name%2527%253a%2520u%2527emitiendo%2527%252c%2520%2527page%2527%253a%2520u%2527http%253a%252f%252fwww.formulatv.com%252fprogramacion%252fmovistarplus%252f%2527%257d%252c%2520u%2527pass%2527%253a%2520%257b%2527expres%2527%253a%2520u%2527name%253d%2522%28.%252a%253f%29%2522%2527%252c%2520%2527referer%2527%253a%2520u%2527https%253a%252f%252fverliga1.net%252f%2527%252c%2520%2527name%2527%253a%2520u%2527pass%2527%252c%2520%2527agent%2527%253a%2520u%2527iPad%2527%252c%2520%2527page%2527%253a%2520u%2527https%253a%252f%252fpastebin.com%252fraw%252fSCfMa39V%2527%257d%252c%2520u%2527link_inteligente%2527%253a%2520%257b%2527expres%2527%253a%2520u%2527%2523%2524pyFunction%255cr%255cnimport%2520re%252crequests%252cxbmc%255cr%255cndef%2520GetLSProData%28page_data%252cCookie_Jar%252cm%252curl%253d%255c%2527%255bmakelist2.param3%255d%255c%2527%29%253a%2523cPrLItsLTfakl%255cr%255cn%255cr%255cn%2520%2520if%2520not%2520%255c%2527http%255c%2527%2520in%2520url%253a%255cr%255cn%2520%2520%2520%2520xbmc.executebuiltin%28%255c%2527XBMC.Notification%28%255bCOLOR%2520aqua%255dNo%2520Existe%2520enlace%255b%252fCOLOR%255d%252c%255bCOLOR%2520white%255dNo%2520Existe%2520enlace%255b%252fCOLOR%255d%252c%25205000%29%255c%2527%29%255cr%255cn%2520%2520elif%2520%255c%2527vergol%255c%2527%2520in%2520url%253a%255cr%255cn%2520%2520%2520%2520xbmc.executebuiltin%28%255c%2527XBMC.Notification%28%255bCOLOR%2520white%255dIntentando%2520Reproducir%255bCOLOR%2520gold%255d%2520%255bmakelist2.param1%255d%255b%252fCOLOR%255d%252c%255bCOLOR%2520gold%255d%255b%252fCOLOR%255d%252c%25205000%29%255c%2527%29%255cr%255cn%2520%2520%2520%2520return%2520%255c%2527https%253a%2524doregex%255bsecure%255d%257cUser-Agent%253dMozilla%252f5.0%2520%28Android%25207.0%253b%2520Tablet%253b%2520rv%253a58.0.2%29%2520Gecko%252f58.0.2%2520Firefox%252f58.0.2%255c%2527%255cr%255cn%2520%2520elif%2520%255c%2527goltelevision%255c%2527%2520in%2520url%253a%255cr%255cn%2520%2520%2520%2520xbmc.executebuiltin%28%255c%2527XBMC.Notification%28%255bCOLOR%2520white%255dIntentando%2520Reproducir%255bCOLOR%2520gold%255d%2520%255bmakelist2.param1%255d%255b%252fCOLOR%255d%252c%255bCOLOR%2520gold%255d%255b%252fCOLOR%255d%252c%25205000%29%255c%2527%29%255cr%255cn%2520%2520%2520%2520html%2520%253d%2520requests.get%28url%252c%2520headers%253d%257b%255c%2527User-Agent%255c%2527%253a%2520%255c%2527Mozilla%252f5.0%2520%28Windows%2520NT%25206.3%253b%2520WOW64%253b%2520rv%253a55.0%29%2520Gecko%252f20100101%2520Firefox%252f55.0%255c%2527%252c%2520%255c%2527Referer%255c%2527%253a%2520%255c%2527%255bmakelist2.param3%255d%255c%2527%257d%252c%2520verify%253dFalse%29.text%255cr%255cn%2520%2520%2520%2520return%2520re.findall%28%255c%2527manifest%2522%253a%2522%28%255b%255e%2522%255d%252b%29%255c%2527%252c%2520html%29%255b0%255d%255cr%255cn%2520%2520elif%2520%255c%2527m3u8%255c%2527%2520in%2520url%253a%255cr%255cn%2520%2520%2520%2520xbmc.executebuiltin%28%255c%2527XBMC.Notification%28%255bCOLOR%2520white%255dIntentando%2520Reproducir%255bCOLOR%2520gold%255d%2520%255bmakelist2.param1%255d%255b%252fCOLOR%255d%252c%255bCOLOR%2520gold%255d%255b%252fCOLOR%255d%252c%25205000%29%255c%2527%29%255cr%255cn%2520%2520%2520%2520return%2520url%2520%252b%2520%255c%2527%257cUser-Agent%253diPad%255c%2527%255cr%255cn%2520%2520else%253a%255cr%255cn%2520%2520%2520%2520xbmc.executebuiltin%28%255c%2527XBMC.Notification%28%255bCOLOR%2520white%255dIntentando%2520Reproducir%255bCOLOR%2520gold%255d%2520%255bmakelist2.param1%255d%255b%252fCOLOR%255d%252c%255bCOLOR%2520gold%255d%255b%252fCOLOR%255d%252c%25205000%29%255c%2527%29%255cr%255cn%2520%2520%2520%2520return%2520url%2520%252b%2520%255c%2527%257cUser-Agent%253diPad%255c%2527%255cr%255cn%2527%252c%2520%2527name%2527%253a%2520u%2527link_inteligente%2527%252c%2520%2527page%2527%253a%2520None%257d%252c%2520u%2527coloreando%2527%253a%2520%257b%2527expres%2527%253a%2520u%2522%2524pyFunction%253a%28%2527%2524doregex%255bcolores%255d%2527%29.replace%28%2527Predeterminado%2527%252c%2527%2527%29.replace%28%2527%255bCOLOR%2520lightskyblue%255dlightskyblue%255b%252fCOLOR%255d%2527%252c%2527%255bCOLOR%2520lightskyblue%255d%2527%29.replace%28%2527%255bCOLOR%2520aliceblue%255daliceblue%255b%252fCOLOR%255d%2527%252c%2527%255bCOLOR%2520aliceblue%255d%2527%29.replace%28%2527%255bCOLOR%2520antiquewhite%255dantiquewhite%255b%252fCOLOR%255d%2527%252c%2527%255bCOLOR%2520antiquewhite%255d%2527%29.replace%28%2527%255bCOLOR%2520aqua%255daqua%255b%252fCOLOR%255d%2527%252c%2527%255bCOLOR%2520aqua%255d%2527%29.replace%28%2527%255bCOLOR%2520aquamarine%255daquamarine%255b%252fCOLOR%255d%2527%252c%2527%255bCOLOR%2520aquamarine%255d%2527%29.replace%28%2527%255bCOLOR%2520azure%255dazure%255b%252fCOLOR%255d%2527%252c%2527%255bCOLOR%2520azure%255d%2527%29.replace%28%2527%255bCOLOR%2520beige%255dbeige%255b%252fCOLOR%255d%2527%252c%2527%255bCOLOR%2520beige%255d%2527%29.replace%28%2527%255bCOLOR%2520bisque%255dbisque%255b%252fCOLOR%255d%2527%252c%2527%255bCOLOR%2520bisque%255d%2527%29.replace%28%2527%255bCOLOR%2520black%255dblack%255b%252fCOLOR%255d%2527%252c%2527%255bCOLOR%2520black%255d%2527%29.replace%28%2527%255bCOLOR%2520blanchedalmond%255dblanchedalmond%255b%252fCOLOR%255d%2527%252c%2527%255bCOLOR%2520blanchedalmond%255d%2527%29.replace%28%2527%255bCOLOR%2520blue%255dblue%255b%252fCOLOR%255d%2527%252c%2527%255bCOLOR%2520blue%255d%2527%29.replace%28%2527%255bCOLOR%2520blueviolet%255dblueviolet%255b%252fCOLOR%255d%2527%252c%2527%255bCOLOR%2520blueviolet%255d%2527%29.replace%28%2527%255bCOLOR%2520brown%255dbrown%255b%252fCOLOR%255d%2527%252c%2527%255bCOLOR%2520brown%255d%2527%29.replace%28%2527%255bCOLOR%2520burlywood%255dburlywood%255b%252fCOLOR%255d%2527%252c%2527%255bCOLOR%2520burlywood%255d%2527%29.replace%28%2527%255bCOLOR%2520cadetblue%255dcadetblue%255b%252fCOLOR%255d%2527%252c%2527%255bCOLOR%2520cadetblue%255d%2527%29.replace%28%2527%255bCOLOR%2520chartreuse%255dchartreuse%255b%252fCOLOR%255d%2527%252c%2527%255bCOLOR%2520chartreuse%255d%2527%29.replace%28%2527%255bCOLOR%2520chocolate%255dchocolate%255b%252fCOLOR%255d%2527%252c%2527%255bCOLOR%2520chocolate%255d%2527%29.replace%28%2527%255bCOLOR%2520coral%255dcoral%255b%252fCOLOR%255d%2527%252c%2527%255bCOLOR%2520coral%255d%2527%29.replace%28%2527%255bCOLOR%2520cornflowerblue%255dcornflowerblue%255b%252fCOLOR%255d%2527%252c%2527%255bCOLOR%2520cornflowerblue%255d%2527%29.replace%28%2527%255bCOLOR%2520crimson%255dcrimson%255b%252fCOLOR%255d%2527%252c%2527%255bCOLOR%2520crimson%255d%2527%29.replace%28%2527%255bCOLOR%2520cyan%255dcyan%255b%252fCOLOR%255d%2527%252c%2527%255bCOLOR%2520cyan%255d%2527%29.replace%28%2527%255bCOLOR%2520darkblue%255ddarkblue%255b%252fCOLOR%255d%2527%252c%2527%255bCOLOR%2520darkblue%255d%2527%29.replace%28%2527%255bCOLOR%2520darkcyan%255ddarkcyan%255b%252fCOLOR%255d%2527%252c%2527%255bCOLOR%2520darkcyan%255d%2527%29.replace%28%2527%255bCOLOR%2520darkgoldenrod%255ddarkgoldenrod%255b%252fCOLOR%255d%2527%252c%2527%255bCOLOR%2520darkgoldenrod%255d%2527%29.replace%28%2527%255bCOLOR%2520darkgray%255ddarkgray%255b%252fCOLOR%255d%2527%252c%2527%255bCOLOR%2520darkgray%255d%2527%29.replace%28%2527%255bCOLOR%2520darkgreen%255ddarkgreen%255b%252fCOLOR%255d%2527%252c%2527%255bCOLOR%2520darkgreen%255d%2527%29.replace%28%2527%255bCOLOR%2520darkgrey%255ddarkgrey%255b%252fCOLOR%255d%2527%252c%2527%255bCOLOR%2520darkgrey%255d%2527%29.replace%28%2527%255bCOLOR%2520darkkhaki%255ddarkkhaki%255b%252fCOLOR%255d%2527%252c%2527%255bCOLOR%2520darkkhaki%255d%2527%29.replace%28%2527%255bCOLOR%2520darkmagenta%255ddarkmagenta%255b%252fCOLOR%255d%2527%252c%2527%255bCOLOR%2520darkmagenta%255d%2527%29.replace%28%2527%255bCOLOR%2520darkolivegreen%255ddarkolivegreen%255b%252fCOLOR%255d%2527%252c%2527%255bCOLOR%2520darkolivegreen%255d%2527%29.replace%28%2527%255bCOLOR%2520darkorange%255ddarkorange%255b%252fCOLOR%255d%2527%252c%2527%255bCOLOR%2520darkorange%255d%2527%29.replace%28%2527%255bCOLOR%2520darkorchid%255ddarkorchid%255b%252fCOLOR%255d%2527%252c%2527%255bCOLOR%2520darkorchid%255d%2527%29.replace%28%2527%255bCOLOR%2520darkred%255ddarkred%255b%252fCOLOR%255d%2527%252c%2527%255bCOLOR%2520darkred%255d%2527%29.replace%28%2527%255bCOLOR%2520darksalmon%255ddarksalmon%255b%252fCOLOR%255d%2527%252c%2527%255bCOLOR%2520darksalmon%255d%2527%29.replace%28%2527%255bCOLOR%2520darkseagreen%255ddarkseagreen%255b%252fCOLOR%255d%2527%252c%2527%255bCOLOR%2520darkseagreen%255d%2527%29.replace%28%2527%255bCOLOR%2520darkslateblue%255ddarkslateblue%255b%252fCOLOR%255d%2527%252c%2527%255bCOLOR%2520darkslateblue%255d%2527%29.replace%28%2527%255bCOLOR%2520darkslategray%255ddarkslategray%255b%252fCOLOR%255d%2527%252c%2527%255bCOLOR%2520darkslategray%255d%2527%29.replace%28%2527%255bCOLOR%2520darkslategrey%255ddarkslategrey%255b%252fCOLOR%255d%2527%252c%2527%255bCOLOR%2520darkslategrey%255d%2527%29.replace%28%2527%255bCOLOR%2520darkturquoise%255ddarkturquoise%255b%252fCOLOR%255d%2527%252c%2527%255bCOLOR%2520darkturquoise%255d%2527%29.replace%28%2527%255bCOLOR%2520deeppink%255ddeeppink%255b%252fCOLOR%255d%2527%252c%2527%255bCOLOR%2520deeppink%255d%2527%29.replace%28%2527%255bCOLOR%2520deepskyblue%255ddeepskyblue%255b%252fCOLOR%255d%2527%252c%2527%255bCOLOR%2520deepskyblue%255d%2527%29.replace%28%2527%255bCOLOR%2520dimgray%255ddimgray%255b%252fCOLOR%255d%2527%252c%2527%255bCOLOR%2520dimgray%255d%2527%29.replace%28%2527%255bCOLOR%2520dimgrey%255ddimgrey%255b%252fCOLOR%255d%2527%252c%2527%255bCOLOR%2520dimgrey%255d%2527%29.replace%28%2527%255bCOLOR%2520dodgerblue%255ddodgerblue%255b%252fCOLOR%255d%2527%252c%2527%255bCOLOR%2520dodgerblue%255d%2527%29.replace%28%2527%255bCOLOR%2520firebrick%255dfirebrick%255b%252fCOLOR%255d%2527%252c%2527%255bCOLOR%2520firebrick%255d%2527%29.replace%28%2527%255bCOLOR%2520floralwhite%255dfloralwhite%255b%252fCOLOR%255d%2527%252c%2527%255bCOLOR%2520floralwhite%255d%2527%29.replace%28%2527%255bCOLOR%2520forestgreen%255dforestgreen%255b%252fCOLOR%255d%2527%252c%2527%255bCOLOR%2520forestgreen%255d%2527%29.replace%28%2527%255bCOLOR%2520fuchsia%255dfuchsia%255b%252fCOLOR%255d%2527%252c%2527%255bCOLOR%2520fuchsia%255d%2527%29.replace%28%2527%255bCOLOR%2520gainsboro%255dgainsboro%255b%252fCOLOR%255d%2527%252c%2527%255bCOLOR%2520gainsboro%255d%2527%29.replace%28%2527%255bCOLOR%2520ghostwhite%255dghostwhite%255b%252fCOLOR%255d%2527%252c%2527%255bCOLOR%2520ghostwhite%255d%2527%29.replace%28%2527%255bCOLOR%2520gold%255dgold%255b%252fCOLOR%255d%2527%252c%2527%255bCOLOR%2520gold%255d%2527%29.replace%28%2527%255bCOLOR%2520goldenrod%255dgoldenrod%255b%252fCOLOR%255d%2527%252c%2527%255bCOLOR%2520goldenrod%255d%2527%29.replace%28%2527%255bCOLOR%2520gray%255dgray%255b%252fCOLOR%255d%2527%252c%2527%255bCOLOR%2520gray%255d%2527%29.replace%28%2527%255bCOLOR%2520green%255dgreen%255b%252fCOLOR%255d%2527%252c%2527%255bCOLOR%2520green%255d%2527%29.replace%28%2527%255bCOLOR%2520greenyellow%255dgreenyellow%255b%252fCOLOR%255d%2527%252c%2527%255bCOLOR%2520greenyellow%255d%2527%29.replace%28%2527%255bCOLOR%2520grey%255dgrey%255b%252fCOLOR%255d%2527%252c%2527%255bCOLOR%2520grey%255d%2527%29.replace%28%2527%255bCOLOR%2520honeydew%255dhoneydew%255b%252fCOLOR%255d%2527%252c%2527%255bCOLOR%2520honeydew%255d%2527%29.replace%28%2527%255bCOLOR%2520hotpink%255dhotpink%255b%252fCOLOR%255d%2527%252c%2527%255bCOLOR%2520hotpink%255d%2527%29.replace%28%2527%255bCOLOR%2520indianred%255dindianred%255b%252fCOLOR%255d%2527%252c%2527%255bCOLOR%2520indianred%255d%2527%29.replace%28%2527%255bCOLOR%2520indigo%255dindigo%255b%252fCOLOR%255d%2527%252c%2527%255bCOLOR%2520indigo%255d%2527%29.replace%28%2527%255bCOLOR%2520ivory%255divory%255b%252fCOLOR%255d%2527%252c%2527%255bCOLOR%2520ivory%255d%2527%29.replace%28%2527%255bCOLOR%2520khaki%255dkhaki%255b%252fCOLOR%255d%2527%252c%2527%255bCOLOR%2520khaki%255d%2527%29.replace%28%2527%255bCOLOR%2520lavender%255dlavender%255b%252fCOLOR%255d%2527%252c%2527%255bCOLOR%2520lavender%255d%2527%29.replace%28%2527%255bCOLOR%2520lavenderblush%255dlavenderblush%255b%252fCOLOR%255d%2527%252c%2527%255bCOLOR%2520lavenderblush%255d%2527%29.replace%28%2527%255bCOLOR%2520lawngreen%255dlawngreen%255b%252fCOLOR%255d%2527%252c%2527%255bCOLOR%2520lawngreen%255d%2527%29.replace%28%2527%255bCOLOR%2520lemonchiffon%255dlemonchiffon%255b%252fCOLOR%255d%2527%252c%2527%255bCOLOR%2520lemonchiffon%255d%2527%29.replace%28%2527%255bCOLOR%2520lightblue%255dlightblue%255b%252fCOLOR%255d%2527%252c%2527%255bCOLOR%2520lightblue%255d%2527%29.replace%28%2527%255bCOLOR%2520lightcoral%255dlightcoral%255b%252fCOLOR%255d%2527%252c%2527%255bCOLOR%2520lightcoral%255d%2527%29.replace%28%2527%255bCOLOR%2520lightcyan%255dlightcyan%255b%252fCOLOR%255d%2527%252c%2527%255bCOLOR%2520lightcyan%255d%2527%29.replace%28%2527%255bCOLOR%2520lightgoldenrodyellow%255dlightgoldenrodyellow%255b%252fCOLOR%255d%2527%252c%2527%255bCOLOR%2520lightgoldenrodyellow%255d%2527%29.replace%28%2527%255bCOLOR%2520lightgray%255dlightgray%255b%252fCOLOR%255d%2527%252c%2527%255bCOLOR%2520lightgray%255d%2527%29.replace%28%2527%255bCOLOR%2520lightgreen%255dlightgreen%255b%252fCOLOR%255d%2527%252c%2527%255bCOLOR%2520lightgreen%255d%2527%29.replace%28%2527%255bCOLOR%2520lightgrey%255dlightgrey%255b%252fCOLOR%255d%2527%252c%2527%255bCOLOR%2520lightgrey%255d%2527%29.replace%28%2527%255bCOLOR%2520lightpink%255dlightpink%255b%252fCOLOR%255d%2527%252c%2527%255bCOLOR%2520lightpink%255d%2527%29.replace%28%2527%255bCOLOR%2520lightsalmon%255dlightsalmon%255b%252fCOLOR%255d%2527%252c%2527%255bCOLOR%2520lightsalmon%255d%2527%29.replace%28%2527%255bCOLOR%2520lightseagreen%255dlightseagreen%255b%252fCOLOR%255d%2527%252c%2527%255bCOLOR%2520lightseagreen%255d%2527%29.replace%28%2527%255bCOLOR%2520lightslategray%255dlightslategray%255b%252fCOLOR%255d%2527%252c%2527%255bCOLOR%2520lightslategray%255d%2527%29.replace%28%2527%255bCOLOR%2520lightslategrey%255dlightslategrey%255b%252fCOLOR%255d%2527%252c%2527%255bCOLOR%2520lightslategrey%255d%2527%29.replace%28%2527%255bCOLOR%2520lightsteelblue%255dlightsteelblue%255b%252fCOLOR%255d%2527%252c%2527%255bCOLOR%2520lightsteelblue%255d%2527%29.replace%28%2527%255bCOLOR%2520lightyellow%255dlightyellow%255b%252fCOLOR%255d%2527%252c%2527%255bCOLOR%2520lightyellow%255d%2527%29.replace%28%2527%255bCOLOR%2520lime%255dlime%255b%252fCOLOR%255d%2527%252c%2527%255bCOLOR%2520lime%255d%2527%29.replace%28%2527%255bCOLOR%2520limegreen%255dlimegreen%255b%252fCOLOR%255d%2527%252c%2527%255bCOLOR%2520limegreen%255d%2527%29.replace%28%2527%255bCOLOR%2520linen%255dlinen%255b%252fCOLOR%255d%2527%252c%2527%255bCOLOR%2520linen%255d%2527%29.replace%28%2527%255bCOLOR%2520magenta%255dmagenta%255b%252fCOLOR%255d%2527%252c%2527%255bCOLOR%2520magenta%255d%2527%29.replace%28%2527%255bCOLOR%2520maroon%255dmaroon%255b%252fCOLOR%255d%2527%252c%2527%255bCOLOR%2520maroon%255d%2527%29.replace%28%2527%255bCOLOR%2520mediumaquamarine%255dmediumaquamarine%255b%252fCOLOR%255d%2527%252c%2527%255bCOLOR%2520mediumaquamarine%255d%2527%29.replace%28%2527%255bCOLOR%2520mediumblue%255dmediumblue%255b%252fCOLOR%255d%2527%252c%2527%255bCOLOR%2520mediumblue%255d%2527%29.replace%28%2527%255bCOLOR%2520mediumorchid%255dmediumorchid%255b%252fCOLOR%255d%2527%252c%2527%255bCOLOR%2520mediumorchid%255d%2527%29.replace%28%2527%255bCOLOR%2520mediumpurple%255dmediumpurple%255b%252fCOLOR%255d%2527%252c%2527%255bCOLOR%2520mediumpurple%255d%2527%29.replace%28%2527%255bCOLOR%2520mediumseagreen%255dmediumseagreen%255b%252fCOLOR%255d%2527%252c%2527%255bCOLOR%2520mediumseagreen%255d%2527%29.replace%28%2527%255bCOLOR%2520mediumslateblue%255dmediumslateblue%255b%252fCOLOR%255d%2527%252c%2527%255bCOLOR%2520mediumslateblue%255d%2527%29.replace%28%2527%255bCOLOR%2520mediumspringgreen%255dmediumspringgreen%255b%252fCOLOR%255d%2527%252c%2527%255bCOLOR%2520mediumspringgreen%255d%2527%29.replace%28%2527%255bCOLOR%2520mediumturquoise%255dmediumturquoise%255b%252fCOLOR%255d%2527%252c%2527%255bCOLOR%2520mediumturquoise%255d%2527%29.replace%28%2527%255bCOLOR%2520mediumvioletred%255dmediumvioletred%255b%252fCOLOR%255d%2527%252c%2527%255bCOLOR%2520mediumvioletred%255d%2527%29.replace%28%2527%255bCOLOR%2520midnightblue%255dmidnightblue%255b%252fCOLOR%255d%2527%252c%2527%255bCOLOR%2520midnightblue%255d%2527%29.replace%28%2527%255bCOLOR%2520mintcream%255dmintcream%255b%252fCOLOR%255d%2527%252c%2527%255bCOLOR%2520mintcream%255d%2527%29.replace%28%2527%255bCOLOR%2520mistyrose%255dmistyrose%255b%252fCOLOR%255d%2527%252c%2527%255bCOLOR%2520mistyrose%255d%2527%29.replace%28%2527%255bCOLOR%2520moccasin%255dmoccasin%255b%252fCOLOR%255d%2527%252c%2527%255bCOLOR%2520moccasin%255d%2527%29.replace%28%2527%255bCOLOR%2520navajowhite%255dnavajowhite%255b%252fCOLOR%255d%2527%252c%2527%255bCOLOR%2520navajowhite%255d%2527%29.replace%28%2527%255bCOLOR%2520navy%255dnavy%255b%252fCOLOR%255d%2527%252c%2527%255bCOLOR%2520navy%255d%2527%29.replace%28%2527%255bCOLOR%2520none%255dnone%255b%252fCOLOR%255d%2527%252c%2527%255bCOLOR%2520none%255d%2527%29.replace%28%2527%255bCOLOR%2520oldlace%255doldlace%255b%252fCOLOR%255d%2527%252c%2527%255bCOLOR%2520oldlace%255d%2527%29.replace%28%2527%255bCOLOR%2520olive%255dolive%255b%252fCOLOR%255d%2527%252c%2527%255bCOLOR%2520olive%255d%2527%29.replace%28%2527%255bCOLOR%2520olivedrab%255dolivedrab%255b%252fCOLOR%255d%2527%252c%2527%255bCOLOR%2520olivedrab%255d%2527%29.replace%28%2527%255bCOLOR%2520orange%255dorange%255b%252fCOLOR%255d%2527%252c%2527%255bCOLOR%2520orange%255d%2527%29.replace%28%2527%255bCOLOR%2520orangered%255dorangered%255b%252fCOLOR%255d%2527%252c%2527%255bCOLOR%2520orangered%255d%2527%29.replace%28%2527%255bCOLOR%2520orchid%255dorchid%255b%252fCOLOR%255d%2527%252c%2527%255bCOLOR%2520orchid%255d%2527%29.replace%28%2527%255bCOLOR%2520palegoldenrod%255dpalegoldenrod%255b%252fCOLOR%255d%2527%252c%2527%255bCOLOR%2520palegoldenrod%255d%2527%29.replace%28%2527%255bCOLOR%2520palegreen%255dpalegreen%255b%252fCOLOR%255d%2527%252c%2527%255bCOLOR%2520palegreen%255d%2527%29.replace%28%2527%255bCOLOR%2520paleturquoise%255dpaleturquoise%255b%252fCOLOR%255d%2527%252c%2527%255bCOLOR%2520paleturquoise%255d%2527%29.replace%28%2527%255bCOLOR%2520palevioletred%255dpalevioletred%255b%252fCOLOR%255d%2527%252c%2527%255bCOLOR%2520palevioletred%255d%2527%29.replace%28%2527%255bCOLOR%2520papayawhip%255dpapayawhip%255b%252fCOLOR%255d%2527%252c%2527%255bCOLOR%2520papayawhip%255d%2527%29.replace%28%2527%255bCOLOR%2520peachpuff%255dpeachpuff%255b%252fCOLOR%255d%2527%252c%2527%255bCOLOR%2520peachpuff%255d%2527%29.replace%28%2527%255bCOLOR%2520peru%255dperu%255b%252fCOLOR%255d%2527%252c%2527%255bCOLOR%2520peru%255d%2527%29.replace%28%2527%255bCOLOR%2520pink%255dpink%255b%252fCOLOR%255d%2527%252c%2527%255bCOLOR%2520pink%255d%2527%29.replace%28%2527%255bCOLOR%2520plum%255dplum%255b%252fCOLOR%255d%2527%252c%2527%255bCOLOR%2520plum%255d%2527%29.replace%28%2527%255bCOLOR%2520powderblue%255dpowderblue%255b%252fCOLOR%255d%2527%252c%2527%255bCOLOR%2520powderblue%255d%2527%29.replace%28%2527%255bCOLOR%2520purple%255dpurple%255b%252fCOLOR%255d%2527%252c%2527%255bCOLOR%2520purple%255d%2527%29.replace%28%2527%255bCOLOR%2520red%255dred%255b%252fCOLOR%255d%2527%252c%2527%255bCOLOR%2520red%255d%2527%29.replace%28%2527%255bCOLOR%2520rosybrown%255drosybrown%255b%252fCOLOR%255d%2527%252c%2527%255bCOLOR%2520rosybrown%255d%2527%29.replace%28%2527%255bCOLOR%2520royalblue%255droyalblue%255b%252fCOLOR%255d%2527%252c%2527%255bCOLOR%2520royalblue%255d%2527%29.replace%28%2527%255bCOLOR%2520saddlebrown%255dsaddlebrown%255b%252fCOLOR%255d%2527%252c%2527%255bCOLOR%2520saddlebrown%255d%2527%29.replace%28%2527%255bCOLOR%2520salmon%255dsalmon%255b%252fCOLOR%255d%2527%252c%2527%255bCOLOR%2520salmon%255d%2527%29.replace%28%2527%255bCOLOR%2520sandybrown%255dsandybrown%255b%252fCOLOR%255d%2527%252c%2527%255bCOLOR%2520sandybrown%255d%2527%29.replace%28%2527%255bCOLOR%2520seagreen%255dseagreen%255b%252fCOLOR%255d%2527%252c%2527%255bCOLOR%2520seagreen%255d%2527%29.replace%28%2527%255bCOLOR%2520seashell%255dseashell%255b%252fCOLOR%255d%2527%252c%2527%255bCOLOR%2520seashell%255d%2527%29.replace%28%2527%255bCOLOR%2520sienna%255dsienna%255b%252fCOLOR%255d%2527%252c%2527%255bCOLOR%2520sienna%255d%2527%29.replace%28%2527%255bCOLOR%2520silver%255dsilver%255b%252fCOLOR%255d%2527%252c%2527%255bCOLOR%2520silver%255d%2527%29.replace%28%2527%255bCOLOR%2520skyblue%255dskyblue%255b%252fCOLOR%255d%2527%252c%2527%255bCOLOR%2520skyblue%255d%2527%29.replace%28%2527%255bCOLOR%2520slateblue%255dslateblue%255b%252fCOLOR%255d%2527%252c%2527%255bCOLOR%2520slateblue%255d%2527%29.replace%28%2527%255bCOLOR%2520slategray%255dslategray%255b%252fCOLOR%255d%2527%252c%2527%255bCOLOR%2520slategray%255d%2527%29.replace%28%2527%255bCOLOR%2520slategrey%255dslategrey%255b%252fCOLOR%255d%2527%252c%2527%255bCOLOR%2520slategrey%255d%2527%29.replace%28%2527%255bCOLOR%2520snow%255dsnow%255b%252fCOLOR%255d%2527%252c%2527%255bCOLOR%2520snow%255d%2527%29.replace%28%2527%255bCOLOR%2520springgreen%255dspringgreen%255b%252fCOLOR%255d%2527%252c%2527%255bCOLOR%2520springgreen%255d%2527%29.replace%28%2527%255bCOLOR%2520steelblue%255dsteelblue%255b%252fCOLOR%255d%2527%252c%2527%255bCOLOR%2520steelblue%255d%2527%29.replace%28%2527%255bCOLOR%2520tan%255dtan%255b%252fCOLOR%255d%2527%252c%2527%255bCOLOR%2520tan%255d%2527%29.replace%28%2527%255bCOLOR%2520teal%255dteal%255b%252fCOLOR%255d%2527%252c%2527%255bCOLOR%2520teal%255d%2527%29.replace%28%2527%255bCOLOR%2520thistle%255dthistle%255b%252fCOLOR%255d%2527%252c%2527%255bCOLOR%2520thistle%255d%2527%29.replace%28%2527%255bCOLOR%2520transparent%255dtransparent%255b%252fCOLOR%255d%2527%252c%2527%255bCOLOR%2520transparent%255d%2527%29.replace%28%2527%255bCOLOR%2520turquoise%255dturquoise%255b%252fCOLOR%255d%2527%252c%2527%255bCOLOR%2520turquoise%255d%2527%29.replace%28%2527%255bCOLOR%2520violet%255dviolet%255b%252fCOLOR%255d%2527%252c%2527%255bCOLOR%2520violet%255d%2527%29.replace%28%2527%255bCOLOR%2520wheat%255dwheat%255b%252fCOLOR%255d%2527%252c%2527%255bCOLOR%2520wheat%255d%2527%29.replace%28%2527%255bCOLOR%2520white%255dwhite%255b%252fCOLOR%255d%2527%252c%2527%255bCOLOR%2520white%255d%2527%29.replace%28%2527%255bCOLOR%2520whitesmoke%255dwhitesmoke%255b%252fCOLOR%255d%2527%252c%2527%255bCOLOR%2520whitesmoke%255d%2527%29.replace%28%2527%255bCOLOR%2520yellow%255dyellow%255b%252fCOLOR%255d%2527%252c%2527%255bCOLOR%2520yellow%255d%2527%29.replace%28%2527%255bCOLOR%2520yellowgreen%255dyellowgreen%255b%252fCOLOR%255d%2527%252c%2527%255bCOLOR%2520yellowgreen%255d%2527%29%2522%252c%2520%2527name%2527%253a%2520u%2527coloreando%2527%252c%2520%2527page%2527%253a%2520None%257d%252c%2520u%2527secure%2527%253a%2520%257b%2527post%2527%253a%2520u%2527manzana66%253a12345%2527%252c%2520%2527expres%2527%253a%2520u%2522player.js.%252a%255c%255cn.%252aplayer.%252a%255c%255cn.%252ajavascript.%252a%255c%255cn.%252a%253fClappr.Player.%252a%255c%255cn.%252asource%253a.%2527%28.%252a%253f%29%2527%2522%252c%2520%2527referer%2527%253a%2520u%2527https%253a%252f%252fvergol.com%252f%2527%252c%2520%2527name%2527%253a%2520u%2527secure%2527%252c%2520%2527page%2527%253a%2520u%2527%255bmakelist2.param3%255d%2527%257d%257d%26url%3D%2524doregex%255bmakelist2%255dplugin%3A%2F%2Fplugin.video.cristalazul%2F%3Ficonimage%3Dhttps%253a%252f%252fi.imgur.com%252fyGTsSPk.jpg%26mode%3D17%26regexs%3D%257bu%2527vergol%2527%253a%2520%257b%2527expres%2527%253a%2520u%2527%2523%2524pyFunction%255cr%255cnimport%2520re%252crequests%255cr%255cndef%2520GetLSProData%28page_data%252cCookie_Jar%252cm%29%253a%2523CpRdIsSaTvAmL%255cr%255cn%2520s%253drequests.get%28%255c%2527%255bmakelist2.param3%255d%255c%2527%252cheaders%253d%257b%255c%2527user-agent%255c%2527%253a%255c%2527Dalvik%252f2.1.0%2520%28Linux%253b%2520U%253b%2520Android%25205.1.1%253b%2520AFTS%2520Build%252fLVY48F%29%255c%2527%252c%255c%2527referer%255c%2527%253a%255c%2527https%253a%252f%252fverliga1.net%252ftv%252fnacionales%252fplus1.php%255c%2527%257d%29%253btok%253dre.findall%28%255c%2527%253ch2%253e.%252b%253fred.%252b%253f%28%255c%255cd%252b%29%255c%2527%252cs.text%29%255b0%255d%255cr%255cn%2520return%2520%255c%2527https%253a%255c%2527%252bre.findall%28%255c%2527Clappr.Player%255b%255c%255cw%255c%255cW%255d%252a%253fsource.%252b%253f%255b%255c%255c%255c%2527%2522%255d%28%255b%255e%255c%255c%255c%2527%2522%255d%252b%29%255c%2527%252crequests.post%28%255c%2527%255bmakelist2.param3%255d%255c%2527%252cheaders%253d%257b%255c%2527referer%255c%2527%253a%255c%2527%255bmakelist2.param3%255d%255c%2527%252c%255c%2527user-agent%255c%2527%253a%255c%2527Dalvik%252f2.1.0%2520%28Linux%253b%2520U%253b%2520Android%25205.1.1%253b%2520AFTS%2520Build%252fLVY48F%29%255c%2527%257d%252ccookies%253ds.cookies%252cdata%253d%257b%255c%2527%2524doregex%255bpass%255d%255c%2527%253atok%257d%29.content.decode%28%255c%2527ascii%255c%2527%252c%255c%2527ignore%255c%2527%29%29%255b0%255d%252b%255c%2527%257cuser-agent%253dMozilla%252f5.0%2526referer%253d%255bmakelist2.param3%255d%255c%2527%255cr%255cn%2527%252c%2520%2527name%2527%253a%2520u%2527vergol%2527%252c%2520%2527page%2527%253a%2520None%257d%252c%2520u%2527goltv%2527%253a%2520%257b%2527expres%2527%253a%2520u%2527manifest%2522%253a%2522%28%255b%255e%2522%255d%252b%29%2527%252c%2520%2527name%2527%253a%2520u%2527goltv%2527%252c%2520%2527page%2527%253a%2520u%2527%255bmakelist2.param3%255d%2527%257d%252c%2520u%2527makelist2%2527%253a%2520%257b%2527listrepeat%2527%253a%2520u%2527%255cr%255cn%253ctitle%253e%255bCOLOR%2520lightskyblue%255d%2524doregex%255bcoloreando%255d%255bCAPITALIZE%255d%255bmakelist2.param1%255d%255b%252fCAPITALIZE%255d%2520-%2520%255bCOLOR%2520white%255d%2524doregex%255bemitiendo%255d%255b%252fCOLOR%255d%253c%252ftitle%253e%255cr%255cn%253cinputstream%253e%2524doregex%255blink_inteligente%255d%253c%252finputstream%253e%255cr%255cn%253cthumbnail%253e%255bmakelist2.param2%255d%253c%252fthumbnail%253e%255cr%255cn%253cfanart%253ehttp%253a%252f%252fwww.arturogoga.com%252fwp-content%252fuploads%252f2009%252f12%252fimage4.png%253c%252ffanart%253e%255cr%255cn%2527%252c%2520%2527expres%2527%253a%2520u%2527%28%253fs%29%2522name%2522%253a%2520%2522%28.%252a%253f%29%2522.%252a%253f%2522image%2522%253a%2520%2522%28.%252a%253f%29%2522.%252a%253f%2522url%2522%253a%2520%2522%28.%252a%253f%29%2522.%252a%253f%2522embed%2522%253a%2520%2522%28.%252a%253f%29%255c%2527%2527%252c%2520%2527name%2527%253a%2520u%2527makelist2%2527%252c%2520%2527page%2527%253a%2520u%2527https%253a%252f%252fpastebin.com%252fraw%252fB0RGkkun%2527%257d%252c%2520u%2527colores%2527%253a%2520%257b%2527expres%2527%253a%2520u%2522%2523%2524pyFunction%255cr%255cndef%2520GetLSProData%28page_data%252cCookie_Jar%252cm%29%253a%255cr%255cn%2520import%2520xbmc%252c%2520xbmcaddon%255cr%255cn%2520addon%2520%253d%2520xbmcaddon.Addon%28%2527plugin.video.cristalazul%2527%29%255cr%255cn%2520return%2520addon.getSetting%28%2527ColoreandoPrincipal%2527%29%255cr%255cn%2522%252c%2520%2527name%2527%253a%2520u%2527colores%2527%252c%2520%2527page%2527%253a%2520None%257d%252c%2520u%2527emitiendo%2527%253a%2520%257b%2527expres%2527%253a%2520u%2527%28%253fs%29%255bmakelist2.param4%255d.%252a%253fahora%2522%253e%255c%255cn%255c%255cs%255c%255cs%255c%255cs%28.%252a%253f%29%255c%255cn%2527%252c%2520%2527name%2527%253a%2520u%2527emitiendo%2527%252c%2520%2527page%2527%253a%2520u%2527http%253a%252f%252fwww.formulatv.com%252fprogramacion%252fmovistarplus%252f%2527%257d%252c%2520u%2527pass%2527%253a%2520%257b%2527expres%2527%253a%2520u%2527name%253d%2522%28.%252a%253f%29%2522%2527%252c%2520%2527referer%2527%253a%2520u%2527https%253a%252f%252fverliga1.net%252f%2527%252c%2520%2527name%2527%253a%2520u%2527pass%2527%252c%2520%2527agent%2527%253a%2520u%2527iPad%2527%252c%2520%2527page%2527%253a%2520u%2527https%253a%252f%252fpastebin.com%252fraw%252fSCfMa39V%2527%257d%252c%2520u%2527link_inteligente%2527%253a%2520%257b%2527expres%2527%253a%2520u%2527%2523%2524pyFunction%255cr%255cnimport%2520re%252crequests%252cxbmc%255cr%255cndef%2520GetLSProData%28page_data%252cCookie_Jar%252cm%252curl%253d%255c%2527%255bmakelist2.param3%255d%255c%2527%29%253a%2523cPrLItsLTfakl%255cr%255cn%255cr%255cn%2520%2520if%2520not%2520%255c%2527http%255c%2527%2520in%2520url%253a%255cr%255cn%2520%2520%2520%2520xbmc.executebuiltin%28%255c%2527XBMC.Notification%28%255bCOLOR%2520aqua%255dNo%2520Existe%2520enlace%255b%252fCOLOR%255d%252c%255bCOLOR%2520white%255dNo%2520Existe%2520enlace%255b%252fCOLOR%255d%252c%25205000%29%255c%2527%29%255cr%255cn%2520%2520elif%2520%255c%2527vergol%255c%2527%2520in%2520url%253a%255cr%255cn%2520%2520%2520%2520xbmc.executebuiltin%28%255c%2527XBMC.Notification%28%255bCOLOR%2520white%255dIntentando%2520Reproducir%255bCOLOR%2520gold%255d%2520%255bmakelist2.param1%255d%255b%252fCOLOR%255d%252c%255bCOLOR%2520gold%255d%255b%252fCOLOR%255d%252c%25205000%29%255c%2527%29%255cr%255cn%2520%2520%2520%2520return%2520%255c%2527https%253a%2524doregex%255bsecure%255d%257cUser-Agent%253dMozilla%252f5.0%2520%28Android%25207.0%253b%2520Tablet%253b%2520rv%253a58.0.2%29%2520Gecko%252f58.0.2%2520Firefox%252f58.0.2%255c%2527%255cr%255cn%2520%2520elif%2520%255c%2527goltelevision%255c%2527%2520in%2520url%253a%255cr%255cn%2520%2520%2520%2520xbmc.executebuiltin%28%255c%2527XBMC.Notification%28%255bCOLOR%2520white%255dIntentando%2520Reproducir%255bCOLOR%2520gold%255d%2520%255bmakelist2.param1%255d%255b%252fCOLOR%255d%252c%255bCOLOR%2520gold%255d%255b%252fCOLOR%255d%252c%25205000%29%255c%2527%29%255cr%255cn%2520%2520%2520%2520html%2520%253d%2520requests.get%28url%252c%2520headers%253d%257b%255c%2527User-Agent%255c%2527%253a%2520%255c%2527Mozilla%252f5.0%2520%28Windows%2520NT%25206.3%253b%2520WOW64%253b%2520rv%253a55.0%29%2520Gecko%252f20100101%2520Firefox%252f55.0%255c%2527%252c%2520%255c%2527Referer%255c%2527%253a%2520%255c%2527%255bmakelist2.param3%255d%255c%2527%257d%252c%2520verify%253dFalse%29.text%255cr%255cn%2520%2520%2520%2520return%2520re.findall%28%255c%2527manifest%2522%253a%2522%28%255b%255e%2522%255d%252b%29%255c%2527%252c%2520html%29%255b0%255d%255cr%255cn%2520%2520elif%2520%255c%2527m3u8%255c%2527%2520in%2520url%253a%255cr%255cn%2520%2520%2520%2520xbmc.executebuiltin%28%255c%2527XBMC.Notification%28%255bCOLOR%2520white%255dIntentando%2520Reproducir%255bCOLOR%2520gold%255d%2520%255bmakelist2.param1%255d%255b%252fCOLOR%255d%252c%255bCOLOR%2520gold%255d%255b%252fCOLOR%255d%252c%25205000%29%255c%2527%29%255cr%255cn%2520%2520%2520%2520return%2520url%2520%252b%2520%255c%2527%257cUser-Agent%253diPad%255c%2527%255cr%255cn%2520%2520else%253a%255cr%255cn%2520%2520%2520%2520xbmc.executebuiltin%28%255c%2527XBMC.Notification%28%255bCOLOR%2520white%255dIntentando%2520Reproducir%255bCOLOR%2520gold%255d%2520%255bmakelist2.param1%255d%255b%252fCOLOR%255d%252c%255bCOLOR%2520gold%255d%255b%252fCOLOR%255d%252c%25205000%29%255c%2527%29%255cr%255cn%2520%2520%2520%2520return%2520url%2520%252b%2520%255c%2527%257cUser-Agent%253diPad%255c%2527%255cr%255cn%2527%252c%2520%2527name%2527%253a%2520u%2527link_inteligente%2527%252c%2520%2527page%2527%253a%2520None%257d%252c%2520u%2527coloreando%2527%253a%2520%257b%2527expres%2527%253a%2520u%2522%2524pyFunction%253a%28%2527%2524doregex%255bcolores%255d%2527%29.replace%28%2527Predeterminado%2527%252c%2527%2527%29.replace%28%2527%255bCOLOR%2520lightskyblue%255dlightskyblue%255b%252fCOLOR%255d%2527%252c%2527%255bCOLOR%2520lightskyblue%255d%2527%29.replace%28%2527%255bCOLOR%2520aliceblue%255daliceblue%255b%252fCOLOR%255d%2527%252c%2527%255bCOLOR%2520aliceblue%255d%2527%29.replace%28%2527%255bCOLOR%2520antiquewhite%255dantiquewhite%255b%252fCOLOR%255d%2527%252c%2527%255bCOLOR%2520antiquewhite%255d%2527%29.replace%28%2527%255bCOLOR%2520aqua%255daqua%255b%252fCOLOR%255d%2527%252c%2527%255bCOLOR%2520aqua%255d%2527%29.replace%28%2527%255bCOLOR%2520aquamarine%255daquamarine%255b%252fCOLOR%255d%2527%252c%2527%255bCOLOR%2520aquamarine%255d%2527%29.replace%28%2527%255bCOLOR%2520azure%255dazure%255b%252fCOLOR%255d%2527%252c%2527%255bCOLOR%2520azure%255d%2527%29.replace%28%2527%255bCOLOR%2520beige%255dbeige%255b%252fCOLOR%255d%2527%252c%2527%255bCOLOR%2520beige%255d%2527%29.replace%28%2527%255bCOLOR%2520bisque%255dbisque%255b%252fCOLOR%255d%2527%252c%2527%255bCOLOR%2520bisque%255d%2527%29.replace%28%2527%255bCOLOR%2520black%255dblack%255b%252fCOLOR%255d%2527%252c%2527%255bCOLOR%2520black%255d%2527%29.replace%28%2527%255bCOLOR%2520blanchedalmond%255dblanchedalmond%255b%252fCOLOR%255d%2527%252c%2527%255bCOLOR%2520blanchedalmond%255d%2527%29.replace%28%2527%255bCOLOR%2520blue%255dblue%255b%252fCOLOR%255d%2527%252c%2527%255bCOLOR%2520blue%255d%2527%29.replace%28%2527%255bCOLOR%2520blueviolet%255dblueviolet%255b%252fCOLOR%255d%2527%252c%2527%255bCOLOR%2520blueviolet%255d%2527%29.replace%28%2527%255bCOLOR%2520brown%255dbrown%255b%252fCOLOR%255d%2527%252c%2527%255bCOLOR%2520brown%255d%2527%29.replace%28%2527%255bCOLOR%2520burlywood%255dburlywood%255b%252fCOLOR%255d%2527%252c%2527%255bCOLOR%2520burlywood%255d%2527%29.replace%28%2527%255bCOLOR%2520cadetblue%255dcadetblue%255b%252fCOLOR%255d%2527%252c%2527%255bCOLOR%2520cadetblue%255d%2527%29.replace%28%2527%255bCOLOR%2520chartreuse%255dchartreuse%255b%252fCOLOR%255d%2527%252c%2527%255bCOLOR%2520chartreuse%255d%2527%29.replace%28%2527%255bCOLOR%2520chocolate%255dchocolate%255b%252fCOLOR%255d%2527%252c%2527%255bCOLOR%2520chocolate%255d%2527%29.replace%28%2527%255bCOLOR%2520coral%255dcoral%255b%252fCOLOR%255d%2527%252c%2527%255bCOLOR%2520coral%255d%2527%29.replace%28%2527%255bCOLOR%2520cornflowerblue%255dcornflowerblue%255b%252fCOLOR%255d%2527%252c%2527%255bCOLOR%2520cornflowerblue%255d%2527%29.replace%28%2527%255bCOLOR%2520crimson%255dcrimson%255b%252fCOLOR%255d%2527%252c%2527%255bCOLOR%2520crimson%255d%2527%29.replace%28%2527%255bCOLOR%2520cyan%255dcyan%255b%252fCOLOR%255d%2527%252c%2527%255bCOLOR%2520cyan%255d%2527%29.replace%28%2527%255bCOLOR%2520darkblue%255ddarkblue%255b%252fCOLOR%255d%2527%252c%2527%255bCOLOR%2520darkblue%255d%2527%29.replace%28%2527%255bCOLOR%2520darkcyan%255ddarkcyan%255b%252fCOLOR%255d%2527%252c%2527%255bCOLOR%2520darkcyan%255d%2527%29.replace%28%2527%255bCOLOR%2520darkgoldenrod%255ddarkgoldenrod%255b%252fCOLOR%255d%2527%252c%2527%255bCOLOR%2520darkgoldenrod%255d%2527%29.replace%28%2527%255bCOLOR%2520darkgray%255ddarkgray%255b%252fCOLOR%255d%2527%252c%2527%255bCOLOR%2520darkgray%255d%2527%29.replace%28%2527%255bCOLOR%2520darkgreen%255ddarkgreen%255b%252fCOLOR%255d%2527%252c%2527%255bCOLOR%2520darkgreen%255d%2527%29.replace%28%2527%255bCOLOR%2520darkgrey%255ddarkgrey%255b%252fCOLOR%255d%2527%252c%2527%255bCOLOR%2520darkgrey%255d%2527%29.replace%28%2527%255bCOLOR%2520darkkhaki%255ddarkkhaki%255b%252fCOLOR%255d%2527%252c%2527%255bCOLOR%2520darkkhaki%255d%2527%29.replace%28%2527%255bCOLOR%2520darkmagenta%255ddarkmagenta%255b%252fCOLOR%255d%2527%252c%2527%255bCOLOR%2520darkmagenta%255d%2527%29.replace%28%2527%255bCOLOR%2520darkolivegreen%255ddarkolivegreen%255b%252fCOLOR%255d%2527%252c%2527%255bCOLOR%2520darkolivegreen%255d%2527%29.replace%28%2527%255bCOLOR%2520darkorange%255ddarkorange%255b%252fCOLOR%255d%2527%252c%2527%255bCOLOR%2520darkorange%255d%2527%29.replace%28%2527%255bCOLOR%2520darkorchid%255ddarkorchid%255b%252fCOLOR%255d%2527%252c%2527%255bCOLOR%2520darkorchid%255d%2527%29.replace%28%2527%255bCOLOR%2520darkred%255ddarkred%255b%252fCOLOR%255d%2527%252c%2527%255bCOLOR%2520darkred%255d%2527%29.replace%28%2527%255bCOLOR%2520darksalmon%255ddarksalmon%255b%252fCOLOR%255d%2527%252c%2527%255bCOLOR%2520darksalmon%255d%2527%29.replace%28%2527%255bCOLOR%2520darkseagreen%255ddarkseagreen%255b%252fCOLOR%255d%2527%252c%2527%255bCOLOR%2520darkseagreen%255d%2527%29.replace%28%2527%255bCOLOR%2520darkslateblue%255ddarkslateblue%255b%252fCOLOR%255d%2527%252c%2527%255bCOLOR%2520darkslateblue%255d%2527%29.replace%28%2527%255bCOLOR%2520darkslategray%255ddarkslategray%255b%252fCOLOR%255d%2527%252c%2527%255bCOLOR%2520darkslategray%255d%2527%29.replace%28%2527%255bCOLOR%2520darkslategrey%255ddarkslategrey%255b%252fCOLOR%255d%2527%252c%2527%255bCOLOR%2520darkslategrey%255d%2527%29.replace%28%2527%255bCOLOR%2520darkturquoise%255ddarkturquoise%255b%252fCOLOR%255d%2527%252c%2527%255bCOLOR%2520darkturquoise%255d%2527%29.replace%28%2527%255bCOLOR%2520deeppink%255ddeeppink%255b%252fCOLOR%255d%2527%252c%2527%255bCOLOR%2520deeppink%255d%2527%29.replace%28%2527%255bCOLOR%2520deepskyblue%255ddeepskyblue%255b%252fCOLOR%255d%2527%252c%2527%255bCOLOR%2520deepskyblue%255d%2527%29.replace%28%2527%255bCOLOR%2520dimgray%255ddimgray%255b%252fCOLOR%255d%2527%252c%2527%255bCOLOR%2520dimgray%255d%2527%29.replace%28%2527%255bCOLOR%2520dimgrey%255ddimgrey%255b%252fCOLOR%255d%2527%252c%2527%255bCOLOR%2520dimgrey%255d%2527%29.replace%28%2527%255bCOLOR%2520dodgerblue%255ddodgerblue%255b%252fCOLOR%255d%2527%252c%2527%255bCOLOR%2520dodgerblue%255d%2527%29.replace%28%2527%255bCOLOR%2520firebrick%255dfirebrick%255b%252fCOLOR%255d%2527%252c%2527%255bCOLOR%2520firebrick%255d%2527%29.replace%28%2527%255bCOLOR%2520floralwhite%255dfloralwhite%255b%252fCOLOR%255d%2527%252c%2527%255bCOLOR%2520floralwhite%255d%2527%29.replace%28%2527%255bCOLOR%2520forestgreen%255dforestgreen%255b%252fCOLOR%255d%2527%252c%2527%255bCOLOR%2520forestgreen%255d%2527%29.replace%28%2527%255bCOLOR%2520fuchsia%255dfuchsia%255b%252fCOLOR%255d%2527%252c%2527%255bCOLOR%2520fuchsia%255d%2527%29.replace%28%2527%255bCOLOR%2520gainsboro%255dgainsboro%255b%252fCOLOR%255d%2527%252c%2527%255bCOLOR%2520gainsboro%255d%2527%29.replace%28%2527%255bCOLOR%2520ghostwhite%255dghostwhite%255b%252fCOLOR%255d%2527%252c%2527%255bCOLOR%2520ghostwhite%255d%2527%29.replace%28%2527%255bCOLOR%2520gold%255dgold%255b%252fCOLOR%255d%2527%252c%2527%255bCOLOR%2520gold%255d%2527%29.replace%28%2527%255bCOLOR%2520goldenrod%255dgoldenrod%255b%252fCOLOR%255d%2527%252c%2527%255bCOLOR%2520goldenrod%255d%2527%29.replace%28%2527%255bCOLOR%2520gray%255dgray%255b%252fCOLOR%255d%2527%252c%2527%255bCOLOR%2520gray%255d%2527%29.replace%28%2527%255bCOLOR%2520green%255dgreen%255b%252fCOLOR%255d%2527%252c%2527%255bCOLOR%2520green%255d%2527%29.replace%28%2527%255bCOLOR%2520greenyellow%255dgreenyellow%255b%252fCOLOR%255d%2527%252c%2527%255bCOLOR%2520greenyellow%255d%2527%29.replace%28%2527%255bCOLOR%2520grey%255dgrey%255b%252fCOLOR%255d%2527%252c%2527%255bCOLOR%2520grey%255d%2527%29.replace%28%2527%255bCOLOR%2520honeydew%255dhoneydew%255b%252fCOLOR%255d%2527%252c%2527%255bCOLOR%2520honeydew%255d%2527%29.replace%28%2527%255bCOLOR%2520hotpink%255dhotpink%255b%252fCOLOR%255d%2527%252c%2527%255bCOLOR%2520hotpink%255d%2527%29.replace%28%2527%255bCOLOR%2520indianred%255dindianred%255b%252fCOLOR%255d%2527%252c%2527%255bCOLOR%2520indianred%255d%2527%29.replace%28%2527%255bCOLOR%2520indigo%255dindigo%255b%252fCOLOR%255d%2527%252c%2527%255bCOLOR%2520indigo%255d%2527%29.replace%28%2527%255bCOLOR%2520ivory%255divory%255b%252fCOLOR%255d%2527%252c%2527%255bCOLOR%2520ivory%255d%2527%29.replace%28%2527%255bCOLOR%2520khaki%255dkhaki%255b%252fCOLOR%255d%2527%252c%2527%255bCOLOR%2520khaki%255d%2527%29.replace%28%2527%255bCOLOR%2520lavender%255dlavender%255b%252fCOLOR%255d%2527%252c%2527%255bCOLOR%2520lavender%255d%2527%29.replace%28%2527%255bCOLOR%2520lavenderblush%255dlavenderblush%255b%252fCOLOR%255d%2527%252c%2527%255bCOLOR%2520lavenderblush%255d%2527%29.replace%28%2527%255bCOLOR%2520lawngreen%255dlawngreen%255b%252fCOLOR%255d%2527%252c%2527%255bCOLOR%2520lawngreen%255d%2527%29.replace%28%2527%255bCOLOR%2520lemonchiffon%255dlemonchiffon%255b%252fCOLOR%255d%2527%252c%2527%255bCOLOR%2520lemonchiffon%255d%2527%29.replace%28%2527%255bCOLOR%2520lightblue%255dlightblue%255b%252fCOLOR%255d%2527%252c%2527%255bCOLOR%2520lightblue%255d%2527%29.replace%28%2527%255bCOLOR%2520lightcoral%255dlightcoral%255b%252fCOLOR%255d%2527%252c%2527%255bCOLOR%2520lightcoral%255d%2527%29.replace%28%2527%255bCOLOR%2520lightcyan%255dlightcyan%255b%252fCOLOR%255d%2527%252c%2527%255bCOLOR%2520lightcyan%255d%2527%29.replace%28%2527%255bCOLOR%2520lightgoldenrodyellow%255dlightgoldenrodyellow%255b%252fCOLOR%255d%2527%252c%2527%255bCOLOR%2520lightgoldenrodyellow%255d%2527%29.replace%28%2527%255bCOLOR%2520lightgray%255dlightgray%255b%252fCOLOR%255d%2527%252c%2527%255bCOLOR%2520lightgray%255d%2527%29.replace%28%2527%255bCOLOR%2520lightgreen%255dlightgreen%255b%252fCOLOR%255d%2527%252c%2527%255bCOLOR%2520lightgreen%255d%2527%29.replace%28%2527%255bCOLOR%2520lightgrey%255dlightgrey%255b%252fCOLOR%255d%2527%252c%2527%255bCOLOR%2520lightgrey%255d%2527%29.replace%28%2527%255bCOLOR%2520lightpink%255dlightpink%255b%252fCOLOR%255d%2527%252c%2527%255bCOLOR%2520lightpink%255d%2527%29.replace%28%2527%255bCOLOR%2520lightsalmon%255dlightsalmon%255b%252fCOLOR%255d%2527%252c%2527%255bCOLOR%2520lightsalmon%255d%2527%29.replace%28%2527%255bCOLOR%2520lightseagreen%255dlightseagreen%255b%252fCOLOR%255d%2527%252c%2527%255bCOLOR%2520lightseagreen%255d%2527%29.replace%28%2527%255bCOLOR%2520lightslategray%255dlightslategray%255b%252fCOLOR%255d%2527%252c%2527%255bCOLOR%2520lightslategray%255d%2527%29.replace%28%2527%255bCOLOR%2520lightslategrey%255dlightslategrey%255b%252fCOLOR%255d%2527%252c%2527%255bCOLOR%2520lightslategrey%255d%2527%29.replace%28%2527%255bCOLOR%2520lightsteelblue%255dlightsteelblue%255b%252fCOLOR%255d%2527%252c%2527%255bCOLOR%2520lightsteelblue%255d%2527%29.replace%28%2527%255bCOLOR%2520lightyellow%255dlightyellow%255b%252fCOLOR%255d%2527%252c%2527%255bCOLOR%2520lightyellow%255d%2527%29.replace%28%2527%255bCOLOR%2520lime%255dlime%255b%252fCOLOR%255d%2527%252c%2527%255bCOLOR%2520lime%255d%2527%29.replace%28%2527%255bCOLOR%2520limegreen%255dlimegreen%255b%252fCOLOR%255d%2527%252c%2527%255bCOLOR%2520limegreen%255d%2527%29.replace%28%2527%255bCOLOR%2520linen%255dlinen%255b%252fCOLOR%255d%2527%252c%2527%255bCOLOR%2520linen%255d%2527%29.replace%28%2527%255bCOLOR%2520magenta%255dmagenta%255b%252fCOLOR%255d%2527%252c%2527%255bCOLOR%2520magenta%255d%2527%29.replace%28%2527%255bCOLOR%2520maroon%255dmaroon%255b%252fCOLOR%255d%2527%252c%2527%255bCOLOR%2520maroon%255d%2527%29.replace%28%2527%255bCOLOR%2520mediumaquamarine%255dmediumaquamarine%255b%252fCOLOR%255d%2527%252c%2527%255bCOLOR%2520mediumaquamarine%255d%2527%29.replace%28%2527%255bCOLOR%2520mediumblue%255dmediumblue%255b%252fCOLOR%255d%2527%252c%2527%255bCOLOR%2520mediumblue%255d%2527%29.replace%28%2527%255bCOLOR%2520mediumorchid%255dmediumorchid%255b%252fCOLOR%255d%2527%252c%2527%255bCOLOR%2520mediumorchid%255d%2527%29.replace%28%2527%255bCOLOR%2520mediumpurple%255dmediumpurple%255b%252fCOLOR%255d%2527%252c%2527%255bCOLOR%2520mediumpurple%255d%2527%29.replace%28%2527%255bCOLOR%2520mediumseagreen%255dmediumseagreen%255b%252fCOLOR%255d%2527%252c%2527%255bCOLOR%2520mediumseagreen%255d%2527%29.replace%28%2527%255bCOLOR%2520mediumslateblue%255dmediumslateblue%255b%252fCOLOR%255d%2527%252c%2527%255bCOLOR%2520mediumslateblue%255d%2527%29.replace%28%2527%255bCOLOR%2520mediumspringgreen%255dmediumspringgreen%255b%252fCOLOR%255d%2527%252c%2527%255bCOLOR%2520mediumspringgreen%255d%2527%29.replace%28%2527%255bCOLOR%2520mediumturquoise%255dmediumturquoise%255b%252fCOLOR%255d%2527%252c%2527%255bCOLOR%2520mediumturquoise%255d%2527%29.replace%28%2527%255bCOLOR%2520mediumvioletred%255dmediumvioletred%255b%252fCOLOR%255d%2527%252c%2527%255bCOLOR%2520mediumvioletred%255d%2527%29.replace%28%2527%255bCOLOR%2520midnightblue%255dmidnightblue%255b%252fCOLOR%255d%2527%252c%2527%255bCOLOR%2520midnightblue%255d%2527%29.replace%28%2527%255bCOLOR%2520mintcream%255dmintcream%255b%252fCOLOR%255d%2527%252c%2527%255bCOLOR%2520mintcream%255d%2527%29.replace%28%2527%255bCOLOR%2520mistyrose%255dmistyrose%255b%252fCOLOR%255d%2527%252c%2527%255bCOLOR%2520mistyrose%255d%2527%29.replace%28%2527%255bCOLOR%2520moccasin%255dmoccasin%255b%252fCOLOR%255d%2527%252c%2527%255bCOLOR%2520moccasin%255d%2527%29.replace%28%2527%255bCOLOR%2520navajowhite%255dnavajowhite%255b%252fCOLOR%255d%2527%252c%2527%255bCOLOR%2520navajowhite%255d%2527%29.replace%28%2527%255bCOLOR%2520navy%255dnavy%255b%252fCOLOR%255d%2527%252c%2527%255bCOLOR%2520navy%255d%2527%29.replace%28%2527%255bCOLOR%2520none%255dnone%255b%252fCOLOR%255d%2527%252c%2527%255bCOLOR%2520none%255d%2527%29.replace%28%2527%255bCOLOR%2520oldlace%255doldlace%255b%252fCOLOR%255d%2527%252c%2527%255bCOLOR%2520oldlace%255d%2527%29.replace%28%2527%255bCOLOR%2520olive%255dolive%255b%252fCOLOR%255d%2527%252c%2527%255bCOLOR%2520olive%255d%2527%29.replace%28%2527%255bCOLOR%2520olivedrab%255dolivedrab%255b%252fCOLOR%255d%2527%252c%2527%255bCOLOR%2520olivedrab%255d%2527%29.replace%28%2527%255bCOLOR%2520orange%255dorange%255b%252fCOLOR%255d%2527%252c%2527%255bCOLOR%2520orange%255d%2527%29.replace%28%2527%255bCOLOR%2520orangered%255dorangered%255b%252fCOLOR%255d%2527%252c%2527%255bCOLOR%2520orangered%255d%2527%29.replace%28%2527%255bCOLOR%2520orchid%255dorchid%255b%252fCOLOR%255d%2527%252c%2527%255bCOLOR%2520orchid%255d%2527%29.replace%28%2527%255bCOLOR%2520palegoldenrod%255dpalegoldenrod%255b%252fCOLOR%255d%2527%252c%2527%255bCOLOR%2520palegoldenrod%255d%2527%29.replace%28%2527%255bCOLOR%2520palegreen%255dpalegreen%255b%252fCOLOR%255d%2527%252c%2527%255bCOLOR%2520palegreen%255d%2527%29.replace%28%2527%255bCOLOR%2520paleturquoise%255dpaleturquoise%255b%252fCOLOR%255d%2527%252c%2527%255bCOLOR%2520paleturquoise%255d%2527%29.replace%28%2527%255bCOLOR%2520palevioletred%255dpalevioletred%255b%252fCOLOR%255d%2527%252c%2527%255bCOLOR%2520palevioletred%255d%2527%29.replace%28%2527%255bCOLOR%2520papayawhip%255dpapayawhip%255b%252fCOLOR%255d%2527%252c%2527%255bCOLOR%2520papayawhip%255d%2527%29.replace%28%2527%255bCOLOR%2520peachpuff%255dpeachpuff%255b%252fCOLOR%255d%2527%252c%2527%255bCOLOR%2520peachpuff%255d%2527%29.replace%28%2527%255bCOLOR%2520peru%255dperu%255b%252fCOLOR%255d%2527%252c%2527%255bCOLOR%2520peru%255d%2527%29.replace%28%2527%255bCOLOR%2520pink%255dpink%255b%252fCOLOR%255d%2527%252c%2527%255bCOLOR%2520pink%255d%2527%29.replace%28%2527%255bCOLOR%2520plum%255dplum%255b%252fCOLOR%255d%2527%252c%2527%255bCOLOR%2520plum%255d%2527%29.replace%28%2527%255bCOLOR%2520powderblue%255dpowderblue%255b%252fCOLOR%255d%2527%252c%2527%255bCOLOR%2520powderblue%255d%2527%29.replace%28%2527%255bCOLOR%2520purple%255dpurple%255b%252fCOLOR%255d%2527%252c%2527%255bCOLOR%2520purple%255d%2527%29.replace%28%2527%255bCOLOR%2520red%255dred%255b%252fCOLOR%255d%2527%252c%2527%255bCOLOR%2520red%255d%2527%29.replace%28%2527%255bCOLOR%2520rosybrown%255drosybrown%255b%252fCOLOR%255d%2527%252c%2527%255bCOLOR%2520rosybrown%255d%2527%29.replace%28%2527%255bCOLOR%2520royalblue%255droyalblue%255b%252fCOLOR%255d%2527%252c%2527%255bCOLOR%2520royalblue%255d%2527%29.replace%28%2527%255bCOLOR%2520saddlebrown%255dsaddlebrown%255b%252fCOLOR%255d%2527%252c%2527%255bCOLOR%2520saddlebrown%255d%2527%29.replace%28%2527%255bCOLOR%2520salmon%255dsalmon%255b%252fCOLOR%255d%2527%252c%2527%255bCOLOR%2520salmon%255d%2527%29.replace%28%2527%255bCOLOR%2520sandybrown%255dsandybrown%255b%252fCOLOR%255d%2527%252c%2527%255bCOLOR%2520sandybrown%255d%2527%29.replace%28%2527%255bCOLOR%2520seagreen%255dseagreen%255b%252fCOLOR%255d%2527%252c%2527%255bCOLOR%2520seagreen%255d%2527%29.replace%28%2527%255bCOLOR%2520seashell%255dseashell%255b%252fCOLOR%255d%2527%252c%2527%255bCOLOR%2520seashell%255d%2527%29.replace%28%2527%255bCOLOR%2520sienna%255dsienna%255b%252fCOLOR%255d%2527%252c%2527%255bCOLOR%2520sienna%255d%2527%29.replace%28%2527%255bCOLOR%2520silver%255dsilver%255b%252fCOLOR%255d%2527%252c%2527%255bCOLOR%2520silver%255d%2527%29.replace%28%2527%255bCOLOR%2520skyblue%255dskyblue%255b%252fCOLOR%255d%2527%252c%2527%255bCOLOR%2520skyblue%255d%2527%29.replace%28%2527%255bCOLOR%2520slateblue%255dslateblue%255b%252fCOLOR%255d%2527%252c%2527%255bCOLOR%2520slateblue%255d%2527%29.replace%28%2527%255bCOLOR%2520slategray%255dslategray%255b%252fCOLOR%255d%2527%252c%2527%255bCOLOR%2520slategray%255d%2527%29.replace%28%2527%255bCOLOR%2520slategrey%255dslategrey%255b%252fCOLOR%255d%2527%252c%2527%255bCOLOR%2520slategrey%255d%2527%29.replace%28%2527%255bCOLOR%2520snow%255dsnow%255b%252fCOLOR%255d%2527%252c%2527%255bCOLOR%2520snow%255d%2527%29.replace%28%2527%255bCOLOR%2520springgreen%255dspringgreen%255b%252fCOLOR%255d%2527%252c%2527%255bCOLOR%2520springgreen%255d%2527%29.replace%28%2527%255bCOLOR%2520steelblue%255dsteelblue%255b%252fCOLOR%255d%2527%252c%2527%255bCOLOR%2520steelblue%255d%2527%29.replace%28%2527%255bCOLOR%2520tan%255dtan%255b%252fCOLOR%255d%2527%252c%2527%255bCOLOR%2520tan%255d%2527%29.replace%28%2527%255bCOLOR%2520teal%255dteal%255b%252fCOLOR%255d%2527%252c%2527%255bCOLOR%2520teal%255d%2527%29.replace%28%2527%255bCOLOR%2520thistle%255dthistle%255b%252fCOLOR%255d%2527%252c%2527%255bCOLOR%2520thistle%255d%2527%29.replace%28%2527%255bCOLOR%2520transparent%255dtransparent%255b%252fCOLOR%255d%2527%252c%2527%255bCOLOR%2520transparent%255d%2527%29.replace%28%2527%255bCOLOR%2520turquoise%255dturquoise%255b%252fCOLOR%255d%2527%252c%2527%255bCOLOR%2520turquoise%255d%2527%29.replace%28%2527%255bCOLOR%2520violet%255dviolet%255b%252fCOLOR%255d%2527%252c%2527%255bCOLOR%2520violet%255d%2527%29.replace%28%2527%255bCOLOR%2520wheat%255dwheat%255b%252fCOLOR%255d%2527%252c%2527%255bCOLOR%2520wheat%255d%2527%29.replace%28%2527%255bCOLOR%2520white%255dwhite%255b%252fCOLOR%255d%2527%252c%2527%255bCOLOR%2520white%255d%2527%29.replace%28%2527%255bCOLOR%2520whitesmoke%255dwhitesmoke%255b%252fCOLOR%255d%2527%252c%2527%255bCOLOR%2520whitesmoke%255d%2527%29.replace%28%2527%255bCOLOR%2520yellow%255dyellow%255b%252fCOLOR%255d%2527%252c%2527%255bCOLOR%2520yellow%255d%2527%29.replace%28%2527%255bCOLOR%2520yellowgreen%255dyellowgreen%255b%252fCOLOR%255d%2527%252c%2527%255bCOLOR%2520yellowgreen%255d%2527%29%2522%252c%2520%2527name%2527%253a%2520u%2527coloreando%2527%252c%2520%2527page%2527%253a%2520None%257d%252c%2520u%2527secure%2527%253a%2520%257b%2527post%2527%253a%2520u%2527manzana66%253a12345%2527%252c%2520%2527expres%2527%253a%2520u%2522player.js.%252a%255c%255cn.%252aplayer.%252a%255c%255cn.%252ajavascript.%252a%255c%255cn.%252a%253fClappr.Player.%252a%255c%255cn.%252asource%253a.%2527%28.%252a%253f%29%2527%2522%252c%2520%2527referer%2527%253a%2520u%2527https%253a%252f%252fvergol.com%252f%2527%252c%2520%2527name%2527%253a%2520u%2527secure%2527%252c%2520%2527page%2527%253a%2520u%2527%255bmakelist2.param3%255d%2527%257d%257d%26url%3D%2524doregex%255bmakelist2%255d&amp;mode=53&amp;name=%5BCOLOR+lightskyblue%5DEstable+%5BCOLOR+white%5DMovistar+%2B+Tdt+Hd+Lista+1+Pro%5B%2FCOLOR%5D&amp;fanart=http%3A%2F%2Fwww.arturogoga.com%2Fwp-content%2Fuploads%2F2009%2F12%2Fimage4.png",return)</action>
	</shortcut>
	<shortcut>
		<defaultID />
		<label>GUIA CRISTAL</label>
		<label2>Complemento de Vídeo</label2>
		<icon>DefaultShortcut.png</icon>
		<thumb>special://skin/extras/icons/calendar.png</thumb>
		<action>ActivateWindow(Videos,"plugin://plugin.video.cristalazul/?url=%24doregex%5Bmakelist%5D&amp;mode=17&amp;regexs=%7Bu%27canal%27%3A%20%7B%27expres%27%3A%20u%22%24pyFunction%3A%28%27%5Bmakelist.param1%5D%27%29.replace%28%27false%3B%27%2C%27%27%29.replace%28%27%5Bmakelist.param1%5D%27%2C%27%5BUPPERCASE%5D%5Bmakelist.param1%5D%5B/UPPERCASE%5D%27%29%22%2C%20%27name%27%3A%20u%27canal%27%2C%20%27page%27%3A%20None%7D%2C%20u%27luego%27%3A%20%7B%27expres%27%3A%20u%22%24pyFunction%3A%28%27%5Bmakelist.param4%5D%27%29.replace%28%2700%3A%27%2C%27%5BCOLOR%20none%5Da%20las%20%20%5B/COLOR%5D00%3A%27%29.replace%28%2701%3A%27%2C%27%5BCOLOR%20none%5Da%20las%20%20%5B/COLOR%5D01%3A%27%29.replace%28%2702%3A%27%2C%27%5BCOLOR%20none%5Da%20las%20%20%5B/COLOR%5D02%3A%27%29.replace%28%2703%3A%27%2C%27%5BCOLOR%20none%5Da%20las%20%20%5B/COLOR%5D03%3A%27%29.replace%28%2704%3A%27%2C%27%5BCOLOR%20none%5Da%20las%20%20%5B/COLOR%5D04%3A%27%29.replace%28%2705%3A%27%2C%27%5BCOLOR%20none%5Da%20las%20%20%5B/COLOR%5D05%3A%27%29.replace%28%2706%3A%27%2C%27%5BCOLOR%20none%5Da%20las%20%20%5B/COLOR%5D06%3A%27%29.replace%28%2707%3A%27%2C%27%5BCOLOR%20none%5Da%20las%20%20%5B/COLOR%5D07%3A%27%29.replace%28%2708%3A%27%2C%27%5BCOLOR%20none%5Da%20las%20%20%5B/COLOR%5D08%3A%27%29.replace%28%2709%3A%27%2C%27%5BCOLOR%20none%5Da%20las%20%20%5B/COLOR%5D09%3A%27%29.replace%28%2710%3A%27%2C%27%5BCOLOR%20none%5Da%20las%20%20%5B/COLOR%5D10%3A%27%29.replace%28%2711%3A%27%2C%27%5BCOLOR%20none%5Da%20las%20%20%5B/COLOR%5D11%3A%27%29.replace%28%2712%3A%27%2C%27%5BCOLOR%20none%5Da%20las%20%20%5B/COLOR%5D12%3A%27%29.replace%28%2713%3A%27%2C%27%5BCOLOR%20none%5Da%20las%20%20%5B/COLOR%5D13%3A%27%29.replace%28%2714%3A%27%2C%27%5BCOLOR%20none%5Da%20las%20%20%5B/COLOR%5D14%3A%27%29.replace%28%2715%3A%27%2C%27%5BCOLOR%20none%5Da%20las%20%20%5B/COLOR%5D15%3A%27%29.replace%28%2716%3A%27%2C%27%5BCOLOR%20none%5Da%20las%20%20%5B/COLOR%5D16%3A%27%29.replace%28%2717%3A%27%2C%27%5BCOLOR%20none%5Da%20las%20%20%5B/COLOR%5D17%3A%27%29.replace%28%2718%3A%27%2C%27%5BCOLOR%20none%5Da%20las%20%20%5B/COLOR%5D18%3A%27%29.replace%28%2719%3A%27%2C%27%5BCOLOR%20none%5Da%20las%20%20%5B/COLOR%5D19%3A%27%29.replace%28%2720%3A%27%2C%27%5BCOLOR%20none%5Da%20las%20%20%5B/COLOR%5D20%3A%27%29.replace%28%2721%3A%27%2C%27%5BCOLOR%20none%5Da%20las%20%20%5B/COLOR%5D21%3A%27%29.replace%28%2722%3A%27%2C%27%5BCOLOR%20none%5Da%20las%20%20%5B/COLOR%5D22%3A%27%29.replace%28%2723%3A%27%2C%27%5BCOLOR%20none%5Da%20las%20%20%5B/COLOR%5D23%3A%27%29%22%2C%20%27name%27%3A%20u%27luego%27%2C%20%27page%27%3A%20None%7D%2C%20u%27ahora%27%3A%20%7B%27expres%27%3A%20u%22%24pyFunction%3A%28%27%5Bmakelist.param2%5D%27%29.replace%28%27ahora%27%2C%27Emitiendo%20ahora%20%5BCOLOR%20white%5D-%3E%5B/COLOR%5D%27%29%22%2C%20%27name%27%3A%20u%27ahora%27%2C%20%27page%27%3A%20None%7D%2C%20u%27colores%27%3A%20%7B%27expres%27%3A%20u%22%23%24pyFunction%5Cr%5Cndef%20GetLSProData%28page_data%2CCookie_Jar%2Cm%29%3A%5Cr%5Cn%20import%20xbmc%2C%20xbmcaddon%5Cr%5Cn%20addon%20%3D%20xbmcaddon.Addon%28%27plugin.video.cristalazul%27%29%5Cr%5Cn%20return%20addon.getSetting%28%27ColoreandoPrincipal%27%29%5Cr%5Cn%22%2C%20%27name%27%3A%20u%27colores%27%2C%20%27page%27%3A%20None%7D%2C%20u%27makelist%27%3A%20%7B%27listrepeat%27%3A%20u%27%5Cr%5Cn%3Ctitle%3E%5BCOLOR%20yellow%5D%24doregex%5Bcanal%5D%5B/COLOR%5D%5BCOLOR%20lightskyblue%5D%24doregex%5Bahora%5D%5B/COLOR%5D%20%20%20%5BCOLOR%20red%5D%5Bmakelist.param3%5D%5B/COLOR%5D%5BCOLOR%20white%5D%24doregex%5Bluego%5D%5B/COLOR%5D%20%5BCOLOR%20white%5D%20%20%5Bmakelist.param5%5D%5B/COLOR%5D%3C/title%3E%5Cr%5Cn%3Clink%3Ena%3C/link%3E%5Cr%5Cn%3Cthumbnail%3Ehttps%3A//i.imgur.com/yGTsSPk.jpg%3C/thumbnail%3E%20%20%5Cr%5Cn%3Cfanart%3Ehttp%3A//www.arturogoga.com/wp-content/uploads/2009/12/image4.png%3C/fanart%3E%5Cr%5Cn%27%2C%20%27expres%27%3A%20u%27title%3D.%2A%3Fn%5C%5Cs%28.%2A%3F%29%22%7C%22%28ahor.%2A%3F%29%22%3E%5C%5Cn%5C%5Cs%5C%5Cs%5C%5Cs%28.%2A%3F%29%5C%5Cn%7Cdate%22%3E%28%5B%5E%3C%5D%2B%29.%2A%3F%3C/span%3E%5C%5Cn%5C%5Cs%5C%5Cs%5C%5Cs%28.%2A%29%5C%5Cn%27%2C%20%27name%27%3A%20u%27makelist%27%2C%20%27page%27%3A%20u%27http%3A//www.formulatv.com/programacion/movistarplus/%27%7D%2C%20u%27coloreando%27%3A%20%7B%27expres%27%3A%20u%22%24pyFunction%3A%28%27%24doregex%5Bcolores%5D%27%29.replace%28%27Predeterminado%27%2C%27%27%29.replace%28%27%5BCOLOR%20lightskyblue%5Dlightskyblue%5B/COLOR%5D%27%2C%27%5BCOLOR%20lightskyblue%5D%27%29.replace%28%27%5BCOLOR%20aliceblue%5Daliceblue%5B/COLOR%5D%27%2C%27%5BCOLOR%20aliceblue%5D%27%29.replace%28%27%5BCOLOR%20antiquewhite%5Dantiquewhite%5B/COLOR%5D%27%2C%27%5BCOLOR%20antiquewhite%5D%27%29.replace%28%27%5BCOLOR%20aqua%5Daqua%5B/COLOR%5D%27%2C%27%5BCOLOR%20aqua%5D%27%29.replace%28%27%5BCOLOR%20aquamarine%5Daquamarine%5B/COLOR%5D%27%2C%27%5BCOLOR%20aquamarine%5D%27%29.replace%28%27%5BCOLOR%20azure%5Dazure%5B/COLOR%5D%27%2C%27%5BCOLOR%20azure%5D%27%29.replace%28%27%5BCOLOR%20beige%5Dbeige%5B/COLOR%5D%27%2C%27%5BCOLOR%20beige%5D%27%29.replace%28%27%5BCOLOR%20bisque%5Dbisque%5B/COLOR%5D%27%2C%27%5BCOLOR%20bisque%5D%27%29.replace%28%27%5BCOLOR%20black%5Dblack%5B/COLOR%5D%27%2C%27%5BCOLOR%20black%5D%27%29.replace%28%27%5BCOLOR%20blanchedalmond%5Dblanchedalmond%5B/COLOR%5D%27%2C%27%5BCOLOR%20blanchedalmond%5D%27%29.replace%28%27%5BCOLOR%20blue%5Dblue%5B/COLOR%5D%27%2C%27%5BCOLOR%20blue%5D%27%29.replace%28%27%5BCOLOR%20blueviolet%5Dblueviolet%5B/COLOR%5D%27%2C%27%5BCOLOR%20blueviolet%5D%27%29.replace%28%27%5BCOLOR%20brown%5Dbrown%5B/COLOR%5D%27%2C%27%5BCOLOR%20brown%5D%27%29.replace%28%27%5BCOLOR%20burlywood%5Dburlywood%5B/COLOR%5D%27%2C%27%5BCOLOR%20burlywood%5D%27%29.replace%28%27%5BCOLOR%20cadetblue%5Dcadetblue%5B/COLOR%5D%27%2C%27%5BCOLOR%20cadetblue%5D%27%29.replace%28%27%5BCOLOR%20chartreuse%5Dchartreuse%5B/COLOR%5D%27%2C%27%5BCOLOR%20chartreuse%5D%27%29.replace%28%27%5BCOLOR%20chocolate%5Dchocolate%5B/COLOR%5D%27%2C%27%5BCOLOR%20chocolate%5D%27%29.replace%28%27%5BCOLOR%20coral%5Dcoral%5B/COLOR%5D%27%2C%27%5BCOLOR%20coral%5D%27%29.replace%28%27%5BCOLOR%20cornflowerblue%5Dcornflowerblue%5B/COLOR%5D%27%2C%27%5BCOLOR%20cornflowerblue%5D%27%29.replace%28%27%5BCOLOR%20crimson%5Dcrimson%5B/COLOR%5D%27%2C%27%5BCOLOR%20crimson%5D%27%29.replace%28%27%5BCOLOR%20cyan%5Dcyan%5B/COLOR%5D%27%2C%27%5BCOLOR%20cyan%5D%27%29.replace%28%27%5BCOLOR%20darkblue%5Ddarkblue%5B/COLOR%5D%27%2C%27%5BCOLOR%20darkblue%5D%27%29.replace%28%27%5BCOLOR%20darkcyan%5Ddarkcyan%5B/COLOR%5D%27%2C%27%5BCOLOR%20darkcyan%5D%27%29.replace%28%27%5BCOLOR%20darkgoldenrod%5Ddarkgoldenrod%5B/COLOR%5D%27%2C%27%5BCOLOR%20darkgoldenrod%5D%27%29.replace%28%27%5BCOLOR%20darkgray%5Ddarkgray%5B/COLOR%5D%27%2C%27%5BCOLOR%20darkgray%5D%27%29.replace%28%27%5BCOLOR%20darkgreen%5Ddarkgreen%5B/COLOR%5D%27%2C%27%5BCOLOR%20darkgreen%5D%27%29.replace%28%27%5BCOLOR%20darkgrey%5Ddarkgrey%5B/COLOR%5D%27%2C%27%5BCOLOR%20darkgrey%5D%27%29.replace%28%27%5BCOLOR%20darkkhaki%5Ddarkkhaki%5B/COLOR%5D%27%2C%27%5BCOLOR%20darkkhaki%5D%27%29.replace%28%27%5BCOLOR%20darkmagenta%5Ddarkmagenta%5B/COLOR%5D%27%2C%27%5BCOLOR%20darkmagenta%5D%27%29.replace%28%27%5BCOLOR%20darkolivegreen%5Ddarkolivegreen%5B/COLOR%5D%27%2C%27%5BCOLOR%20darkolivegreen%5D%27%29.replace%28%27%5BCOLOR%20darkorange%5Ddarkorange%5B/COLOR%5D%27%2C%27%5BCOLOR%20darkorange%5D%27%29.replace%28%27%5BCOLOR%20darkorchid%5Ddarkorchid%5B/COLOR%5D%27%2C%27%5BCOLOR%20darkorchid%5D%27%29.replace%28%27%5BCOLOR%20darkred%5Ddarkred%5B/COLOR%5D%27%2C%27%5BCOLOR%20darkred%5D%27%29.replace%28%27%5BCOLOR%20darksalmon%5Ddarksalmon%5B/COLOR%5D%27%2C%27%5BCOLOR%20darksalmon%5D%27%29.replace%28%27%5BCOLOR%20darkseagreen%5Ddarkseagreen%5B/COLOR%5D%27%2C%27%5BCOLOR%20darkseagreen%5D%27%29.replace%28%27%5BCOLOR%20darkslateblue%5Ddarkslateblue%5B/COLOR%5D%27%2C%27%5BCOLOR%20darkslateblue%5D%27%29.replace%28%27%5BCOLOR%20darkslategray%5Ddarkslategray%5B/COLOR%5D%27%2C%27%5BCOLOR%20darkslategray%5D%27%29.replace%28%27%5BCOLOR%20darkslategrey%5Ddarkslategrey%5B/COLOR%5D%27%2C%27%5BCOLOR%20darkslategrey%5D%27%29.replace%28%27%5BCOLOR%20darkturquoise%5Ddarkturquoise%5B/COLOR%5D%27%2C%27%5BCOLOR%20darkturquoise%5D%27%29.replace%28%27%5BCOLOR%20deeppink%5Ddeeppink%5B/COLOR%5D%27%2C%27%5BCOLOR%20deeppink%5D%27%29.replace%28%27%5BCOLOR%20deepskyblue%5Ddeepskyblue%5B/COLOR%5D%27%2C%27%5BCOLOR%20deepskyblue%5D%27%29.replace%28%27%5BCOLOR%20dimgray%5Ddimgray%5B/COLOR%5D%27%2C%27%5BCOLOR%20dimgray%5D%27%29.replace%28%27%5BCOLOR%20dimgrey%5Ddimgrey%5B/COLOR%5D%27%2C%27%5BCOLOR%20dimgrey%5D%27%29.replace%28%27%5BCOLOR%20dodgerblue%5Ddodgerblue%5B/COLOR%5D%27%2C%27%5BCOLOR%20dodgerblue%5D%27%29.replace%28%27%5BCOLOR%20firebrick%5Dfirebrick%5B/COLOR%5D%27%2C%27%5BCOLOR%20firebrick%5D%27%29.replace%28%27%5BCOLOR%20floralwhite%5Dfloralwhite%5B/COLOR%5D%27%2C%27%5BCOLOR%20floralwhite%5D%27%29.replace%28%27%5BCOLOR%20forestgreen%5Dforestgreen%5B/COLOR%5D%27%2C%27%5BCOLOR%20forestgreen%5D%27%29.replace%28%27%5BCOLOR%20fuchsia%5Dfuchsia%5B/COLOR%5D%27%2C%27%5BCOLOR%20fuchsia%5D%27%29.replace%28%27%5BCOLOR%20gainsboro%5Dgainsboro%5B/COLOR%5D%27%2C%27%5BCOLOR%20gainsboro%5D%27%29.replace%28%27%5BCOLOR%20ghostwhite%5Dghostwhite%5B/COLOR%5D%27%2C%27%5BCOLOR%20ghostwhite%5D%27%29.replace%28%27%5BCOLOR%20gold%5Dgold%5B/COLOR%5D%27%2C%27%5BCOLOR%20gold%5D%27%29.replace%28%27%5BCOLOR%20goldenrod%5Dgoldenrod%5B/COLOR%5D%27%2C%27%5BCOLOR%20goldenrod%5D%27%29.replace%28%27%5BCOLOR%20gray%5Dgray%5B/COLOR%5D%27%2C%27%5BCOLOR%20gray%5D%27%29.replace%28%27%5BCOLOR%20green%5Dgreen%5B/COLOR%5D%27%2C%27%5BCOLOR%20green%5D%27%29.replace%28%27%5BCOLOR%20greenyellow%5Dgreenyellow%5B/COLOR%5D%27%2C%27%5BCOLOR%20greenyellow%5D%27%29.replace%28%27%5BCOLOR%20grey%5Dgrey%5B/COLOR%5D%27%2C%27%5BCOLOR%20grey%5D%27%29.replace%28%27%5BCOLOR%20honeydew%5Dhoneydew%5B/COLOR%5D%27%2C%27%5BCOLOR%20honeydew%5D%27%29.replace%28%27%5BCOLOR%20hotpink%5Dhotpink%5B/COLOR%5D%27%2C%27%5BCOLOR%20hotpink%5D%27%29.replace%28%27%5BCOLOR%20indianred%5Dindianred%5B/COLOR%5D%27%2C%27%5BCOLOR%20indianred%5D%27%29.replace%28%27%5BCOLOR%20indigo%5Dindigo%5B/COLOR%5D%27%2C%27%5BCOLOR%20indigo%5D%27%29.replace%28%27%5BCOLOR%20ivory%5Divory%5B/COLOR%5D%27%2C%27%5BCOLOR%20ivory%5D%27%29.replace%28%27%5BCOLOR%20khaki%5Dkhaki%5B/COLOR%5D%27%2C%27%5BCOLOR%20khaki%5D%27%29.replace%28%27%5BCOLOR%20lavender%5Dlavender%5B/COLOR%5D%27%2C%27%5BCOLOR%20lavender%5D%27%29.replace%28%27%5BCOLOR%20lavenderblush%5Dlavenderblush%5B/COLOR%5D%27%2C%27%5BCOLOR%20lavenderblush%5D%27%29.replace%28%27%5BCOLOR%20lawngreen%5Dlawngreen%5B/COLOR%5D%27%2C%27%5BCOLOR%20lawngreen%5D%27%29.replace%28%27%5BCOLOR%20lemonchiffon%5Dlemonchiffon%5B/COLOR%5D%27%2C%27%5BCOLOR%20lemonchiffon%5D%27%29.replace%28%27%5BCOLOR%20lightblue%5Dlightblue%5B/COLOR%5D%27%2C%27%5BCOLOR%20lightblue%5D%27%29.replace%28%27%5BCOLOR%20lightcoral%5Dlightcoral%5B/COLOR%5D%27%2C%27%5BCOLOR%20lightcoral%5D%27%29.replace%28%27%5BCOLOR%20lightcyan%5Dlightcyan%5B/COLOR%5D%27%2C%27%5BCOLOR%20lightcyan%5D%27%29.replace%28%27%5BCOLOR%20lightgoldenrodyellow%5Dlightgoldenrodyellow%5B/COLOR%5D%27%2C%27%5BCOLOR%20lightgoldenrodyellow%5D%27%29.replace%28%27%5BCOLOR%20lightgray%5Dlightgray%5B/COLOR%5D%27%2C%27%5BCOLOR%20lightgray%5D%27%29.replace%28%27%5BCOLOR%20lightgreen%5Dlightgreen%5B/COLOR%5D%27%2C%27%5BCOLOR%20lightgreen%5D%27%29.replace%28%27%5BCOLOR%20lightgrey%5Dlightgrey%5B/COLOR%5D%27%2C%27%5BCOLOR%20lightgrey%5D%27%29.replace%28%27%5BCOLOR%20lightpink%5Dlightpink%5B/COLOR%5D%27%2C%27%5BCOLOR%20lightpink%5D%27%29.replace%28%27%5BCOLOR%20lightsalmon%5Dlightsalmon%5B/COLOR%5D%27%2C%27%5BCOLOR%20lightsalmon%5D%27%29.replace%28%27%5BCOLOR%20lightseagreen%5Dlightseagreen%5B/COLOR%5D%27%2C%27%5BCOLOR%20lightseagreen%5D%27%29.replace%28%27%5BCOLOR%20lightslategray%5Dlightslategray%5B/COLOR%5D%27%2C%27%5BCOLOR%20lightslategray%5D%27%29.replace%28%27%5BCOLOR%20lightslategrey%5Dlightslategrey%5B/COLOR%5D%27%2C%27%5BCOLOR%20lightslategrey%5D%27%29.replace%28%27%5BCOLOR%20lightsteelblue%5Dlightsteelblue%5B/COLOR%5D%27%2C%27%5BCOLOR%20lightsteelblue%5D%27%29.replace%28%27%5BCOLOR%20lightyellow%5Dlightyellow%5B/COLOR%5D%27%2C%27%5BCOLOR%20lightyellow%5D%27%29.replace%28%27%5BCOLOR%20lime%5Dlime%5B/COLOR%5D%27%2C%27%5BCOLOR%20lime%5D%27%29.replace%28%27%5BCOLOR%20limegreen%5Dlimegreen%5B/COLOR%5D%27%2C%27%5BCOLOR%20limegreen%5D%27%29.replace%28%27%5BCOLOR%20linen%5Dlinen%5B/COLOR%5D%27%2C%27%5BCOLOR%20linen%5D%27%29.replace%28%27%5BCOLOR%20magenta%5Dmagenta%5B/COLOR%5D%27%2C%27%5BCOLOR%20magenta%5D%27%29.replace%28%27%5BCOLOR%20maroon%5Dmaroon%5B/COLOR%5D%27%2C%27%5BCOLOR%20maroon%5D%27%29.replace%28%27%5BCOLOR%20mediumaquamarine%5Dmediumaquamarine%5B/COLOR%5D%27%2C%27%5BCOLOR%20mediumaquamarine%5D%27%29.replace%28%27%5BCOLOR%20mediumblue%5Dmediumblue%5B/COLOR%5D%27%2C%27%5BCOLOR%20mediumblue%5D%27%29.replace%28%27%5BCOLOR%20mediumorchid%5Dmediumorchid%5B/COLOR%5D%27%2C%27%5BCOLOR%20mediumorchid%5D%27%29.replace%28%27%5BCOLOR%20mediumpurple%5Dmediumpurple%5B/COLOR%5D%27%2C%27%5BCOLOR%20mediumpurple%5D%27%29.replace%28%27%5BCOLOR%20mediumseagreen%5Dmediumseagreen%5B/COLOR%5D%27%2C%27%5BCOLOR%20mediumseagreen%5D%27%29.replace%28%27%5BCOLOR%20mediumslateblue%5Dmediumslateblue%5B/COLOR%5D%27%2C%27%5BCOLOR%20mediumslateblue%5D%27%29.replace%28%27%5BCOLOR%20mediumspringgreen%5Dmediumspringgreen%5B/COLOR%5D%27%2C%27%5BCOLOR%20mediumspringgreen%5D%27%29.replace%28%27%5BCOLOR%20mediumturquoise%5Dmediumturquoise%5B/COLOR%5D%27%2C%27%5BCOLOR%20mediumturquoise%5D%27%29.replace%28%27%5BCOLOR%20mediumvioletred%5Dmediumvioletred%5B/COLOR%5D%27%2C%27%5BCOLOR%20mediumvioletred%5D%27%29.replace%28%27%5BCOLOR%20midnightblue%5Dmidnightblue%5B/COLOR%5D%27%2C%27%5BCOLOR%20midnightblue%5D%27%29.replace%28%27%5BCOLOR%20mintcream%5Dmintcream%5B/COLOR%5D%27%2C%27%5BCOLOR%20mintcream%5D%27%29.replace%28%27%5BCOLOR%20mistyrose%5Dmistyrose%5B/COLOR%5D%27%2C%27%5BCOLOR%20mistyrose%5D%27%29.replace%28%27%5BCOLOR%20moccasin%5Dmoccasin%5B/COLOR%5D%27%2C%27%5BCOLOR%20moccasin%5D%27%29.replace%28%27%5BCOLOR%20navajowhite%5Dnavajowhite%5B/COLOR%5D%27%2C%27%5BCOLOR%20navajowhite%5D%27%29.replace%28%27%5BCOLOR%20navy%5Dnavy%5B/COLOR%5D%27%2C%27%5BCOLOR%20navy%5D%27%29.replace%28%27%5BCOLOR%20none%5Dnone%5B/COLOR%5D%27%2C%27%5BCOLOR%20none%5D%27%29.replace%28%27%5BCOLOR%20oldlace%5Doldlace%5B/COLOR%5D%27%2C%27%5BCOLOR%20oldlace%5D%27%29.replace%28%27%5BCOLOR%20olive%5Dolive%5B/COLOR%5D%27%2C%27%5BCOLOR%20olive%5D%27%29.replace%28%27%5BCOLOR%20olivedrab%5Dolivedrab%5B/COLOR%5D%27%2C%27%5BCOLOR%20olivedrab%5D%27%29.replace%28%27%5BCOLOR%20orange%5Dorange%5B/COLOR%5D%27%2C%27%5BCOLOR%20orange%5D%27%29.replace%28%27%5BCOLOR%20orangered%5Dorangered%5B/COLOR%5D%27%2C%27%5BCOLOR%20orangered%5D%27%29.replace%28%27%5BCOLOR%20orchid%5Dorchid%5B/COLOR%5D%27%2C%27%5BCOLOR%20orchid%5D%27%29.replace%28%27%5BCOLOR%20palegoldenrod%5Dpalegoldenrod%5B/COLOR%5D%27%2C%27%5BCOLOR%20palegoldenrod%5D%27%29.replace%28%27%5BCOLOR%20palegreen%5Dpalegreen%5B/COLOR%5D%27%2C%27%5BCOLOR%20palegreen%5D%27%29.replace%28%27%5BCOLOR%20paleturquoise%5Dpaleturquoise%5B/COLOR%5D%27%2C%27%5BCOLOR%20paleturquoise%5D%27%29.replace%28%27%5BCOLOR%20palevioletred%5Dpalevioletred%5B/COLOR%5D%27%2C%27%5BCOLOR%20palevioletred%5D%27%29.replace%28%27%5BCOLOR%20papayawhip%5Dpapayawhip%5B/COLOR%5D%27%2C%27%5BCOLOR%20papayawhip%5D%27%29.replace%28%27%5BCOLOR%20peachpuff%5Dpeachpuff%5B/COLOR%5D%27%2C%27%5BCOLOR%20peachpuff%5D%27%29.replace%28%27%5BCOLOR%20peru%5Dperu%5B/COLOR%5D%27%2C%27%5BCOLOR%20peru%5D%27%29.replace%28%27%5BCOLOR%20pink%5Dpink%5B/COLOR%5D%27%2C%27%5BCOLOR%20pink%5D%27%29.replace%28%27%5BCOLOR%20plum%5Dplum%5B/COLOR%5D%27%2C%27%5BCOLOR%20plum%5D%27%29.replace%28%27%5BCOLOR%20powderblue%5Dpowderblue%5B/COLOR%5D%27%2C%27%5BCOLOR%20powderblue%5D%27%29.replace%28%27%5BCOLOR%20purple%5Dpurple%5B/COLOR%5D%27%2C%27%5BCOLOR%20purple%5D%27%29.replace%28%27%5BCOLOR%20red%5Dred%5B/COLOR%5D%27%2C%27%5BCOLOR%20red%5D%27%29.replace%28%27%5BCOLOR%20rosybrown%5Drosybrown%5B/COLOR%5D%27%2C%27%5BCOLOR%20rosybrown%5D%27%29.replace%28%27%5BCOLOR%20royalblue%5Droyalblue%5B/COLOR%5D%27%2C%27%5BCOLOR%20royalblue%5D%27%29.replace%28%27%5BCOLOR%20saddlebrown%5Dsaddlebrown%5B/COLOR%5D%27%2C%27%5BCOLOR%20saddlebrown%5D%27%29.replace%28%27%5BCOLOR%20salmon%5Dsalmon%5B/COLOR%5D%27%2C%27%5BCOLOR%20salmon%5D%27%29.replace%28%27%5BCOLOR%20sandybrown%5Dsandybrown%5B/COLOR%5D%27%2C%27%5BCOLOR%20sandybrown%5D%27%29.replace%28%27%5BCOLOR%20seagreen%5Dseagreen%5B/COLOR%5D%27%2C%27%5BCOLOR%20seagreen%5D%27%29.replace%28%27%5BCOLOR%20seashell%5Dseashell%5B/COLOR%5D%27%2C%27%5BCOLOR%20seashell%5D%27%29.replace%28%27%5BCOLOR%20sienna%5Dsienna%5B/COLOR%5D%27%2C%27%5BCOLOR%20sienna%5D%27%29.replace%28%27%5BCOLOR%20silver%5Dsilver%5B/COLOR%5D%27%2C%27%5BCOLOR%20silver%5D%27%29.replace%28%27%5BCOLOR%20skyblue%5Dskyblue%5B/COLOR%5D%27%2C%27%5BCOLOR%20skyblue%5D%27%29.replace%28%27%5BCOLOR%20slateblue%5Dslateblue%5B/COLOR%5D%27%2C%27%5BCOLOR%20slateblue%5D%27%29.replace%28%27%5BCOLOR%20slategray%5Dslategray%5B/COLOR%5D%27%2C%27%5BCOLOR%20slategray%5D%27%29.replace%28%27%5BCOLOR%20slategrey%5Dslategrey%5B/COLOR%5D%27%2C%27%5BCOLOR%20slategrey%5D%27%29.replace%28%27%5BCOLOR%20snow%5Dsnow%5B/COLOR%5D%27%2C%27%5BCOLOR%20snow%5D%27%29.replace%28%27%5BCOLOR%20springgreen%5Dspringgreen%5B/COLOR%5D%27%2C%27%5BCOLOR%20springgreen%5D%27%29.replace%28%27%5BCOLOR%20steelblue%5Dsteelblue%5B/COLOR%5D%27%2C%27%5BCOLOR%20steelblue%5D%27%29.replace%28%27%5BCOLOR%20tan%5Dtan%5B/COLOR%5D%27%2C%27%5BCOLOR%20tan%5D%27%29.replace%28%27%5BCOLOR%20teal%5Dteal%5B/COLOR%5D%27%2C%27%5BCOLOR%20teal%5D%27%29.replace%28%27%5BCOLOR%20thistle%5Dthistle%5B/COLOR%5D%27%2C%27%5BCOLOR%20thistle%5D%27%29.replace%28%27%5BCOLOR%20transparent%5Dtransparent%5B/COLOR%5D%27%2C%27%5BCOLOR%20transparent%5D%27%29.replace%28%27%5BCOLOR%20turquoise%5Dturquoise%5B/COLOR%5D%27%2C%27%5BCOLOR%20turquoise%5D%27%29.replace%28%27%5BCOLOR%20violet%5Dviolet%5B/COLOR%5D%27%2C%27%5BCOLOR%20violet%5D%27%29.replace%28%27%5BCOLOR%20wheat%5Dwheat%5B/COLOR%5D%27%2C%27%5BCOLOR%20wheat%5D%27%29.replace%28%27%5BCOLOR%20white%5Dwhite%5B/COLOR%5D%27%2C%27%5BCOLOR%20white%5D%27%29.replace%28%27%5BCOLOR%20whitesmoke%5Dwhitesmoke%5B/COLOR%5D%27%2C%27%5BCOLOR%20whitesmoke%5D%27%29.replace%28%27%5BCOLOR%20yellow%5Dyellow%5B/COLOR%5D%27%2C%27%5BCOLOR%20yellow%5D%27%29.replace%28%27%5BCOLOR%20yellowgreen%5Dyellowgreen%5B/COLOR%5D%27%2C%27%5BCOLOR%20yellowgreen%5D%27%29%22%2C%20%27name%27%3A%20u%27coloreando%27%2C%20%27page%27%3A%20None%7D%7D&amp;iconimage=https%3A%2F%2Fi.imgur.com%2FyGTsSPk.jpg",return)</action>
	</shortcut>
</shortcuts>
